kept_features,method,classifier,rep,auroc_full,auroc_red,auroc_penalty
100,mutual_info,logistic,0,0.8815949675324675,0.8350243506493507,0.04657061688311681
100,mutual_info,logistic,1,0.8985389610389609,0.8633319805194806,0.035206980519480346
100,mutual_info,logistic,2,0.885146103896104,0.8140219155844155,0.07112418831168854
100,mutual_info,logistic,3,0.8977272727272726,0.8323863636363636,0.06534090909090895
100,mutual_info,logistic,4,0.9148741883116883,0.848823051948052,0.06605113636363635
100,mutual_info,logistic,5,0.8826095779220781,0.8632305194805195,0.019379058441558517
100,mutual_info,logistic,6,0.8683035714285714,0.7848011363636364,0.08350243506493504
100,mutual_info,logistic,7,0.8832183441558442,0.8275162337662338,0.05570211038961037
100,mutual_info,logistic,8,0.888088474025974,0.8184862012987013,0.06960227272727271
100,mutual_info,logistic,9,0.9312094155844156,0.8558238636363636,0.07538555194805197
100,mutual_info,logistic,10,0.8860592532467533,0.8652597402597402,0.020799512987013102
100,mutual_info,logistic,11,0.877435064935065,0.8310673701298701,0.04636769480519487
100,mutual_info,logistic,12,0.9092938311688312,0.8329951298701299,0.07629870129870131
100,mutual_info,logistic,13,0.9083806818181819,0.8356331168831168,0.07274756493506507
100,mutual_info,logistic,14,0.8717532467532467,0.8485186688311689,0.023234577922077837
100,mutual_info,logistic,15,0.8771306818181819,0.8232548701298702,0.05387581168831168
100,mutual_info,logistic,16,0.8739853896103895,0.801643668831169,0.07234172077922052
100,mutual_info,logistic,17,0.9132508116883118,0.8312702922077921,0.08198051948051965
100,mutual_info,logistic,18,0.8807832792207793,0.8093547077922079,0.0714285714285714
100,mutual_info,logistic,19,0.9165990259740259,0.8715503246753247,0.0450487012987012
100,mutual_info,logistic,20,0.9093952922077922,0.8267045454545454,0.08269074675324684
100,mutual_info,logistic,21,0.9282670454545454,0.8634334415584416,0.06483360389610382
100,mutual_info,logistic,22,0.8674918831168831,0.8059050324675325,0.061586850649350544
100,mutual_info,logistic,23,0.8818993506493505,0.8128043831168832,0.06909496753246736
100,mutual_info,logistic,24,0.9183238636363636,0.8052962662337662,0.11302759740259749
100,mutual_info,logistic,25,0.8923498376623377,0.8302556818181819,0.062094155844155785
100,mutual_info,logistic,26,0.8833198051948051,0.8052962662337662,0.07802353896103897
100,mutual_info,logistic,27,0.8730722402597403,0.7932224025974026,0.07984983766233766
100,mutual_info,logistic,28,0.9191355519480519,0.8469967532467533,0.07213879870129858
100,mutual_info,logistic,29,0.8788555194805195,0.7929180194805194,0.08593750000000011
100,mutual_info,rf,0,0.9079241071428571,0.8935166396103896,0.014407467532467466
100,mutual_info,rf,1,0.8999594155844155,0.8733258928571429,0.026633522727272596
100,mutual_info,rf,2,0.8766741071428571,0.846185064935065,0.03048904220779214
100,mutual_info,rf,3,0.9189833603896105,0.9028510551948051,0.016132305194805352
100,mutual_info,rf,4,0.8857548701298701,0.8700791396103897,0.015675730519480346
100,mutual_info,rf,5,0.897169237012987,0.8880377435064934,0.00913149350649356
100,mutual_info,rf,6,0.8831676136363636,0.8934151785714284,-0.010247564935064735
100,mutual_info,rf,7,0.8984882305194805,0.8737317370129871,0.024756493506493338
100,mutual_info,rf,8,0.90625,0.880377435064935,0.025872564935064957
100,mutual_info,rf,9,0.8958502435064936,0.8784496753246753,0.017400568181818232
100,mutual_info,rf,10,0.8947849025974026,0.8813413149350648,0.013443587662337775
100,mutual_info,rf,11,0.9170556006493507,0.8901684253246753,0.026887175324675328
100,mutual_info,rf,12,0.8905742694805194,0.8656148538961038,0.024959415584415612
100,mutual_info,rf,13,0.8888494318181819,0.8469460227272727,0.04190340909090917
100,mutual_info,rf,14,0.9063007305194806,0.891994724025974,0.014306006493506551
100,mutual_info,rf,15,0.9199472402597402,0.8779423701298701,0.04200487012987009
100,mutual_info,rf,16,0.8937195616883117,0.8538453733766235,0.03987418831168821
100,mutual_info,rf,17,0.884283685064935,0.8700284090909091,0.014255275974025983
100,mutual_info,rf,18,0.9061992694805194,0.8747463474025974,0.03145292207792205
100,mutual_info,rf,19,0.8741883116883118,0.8718547077922078,0.0023336038961040417
100,mutual_info,rf,20,0.906351461038961,0.8770799512987013,0.029271509740259716
100,mutual_info,rf,21,0.8860592532467533,0.8639914772727273,0.022067775974025983
100,mutual_info,rf,22,0.9033583603896103,0.8855012175324678,0.01785714285714246
100,mutual_info,rf,23,0.9150771103896104,0.8786018668831168,0.03647524350649356
100,mutual_info,rf,24,0.899908685064935,0.8843851461038962,0.015523538961038863
100,mutual_info,rf,25,0.9268465909090908,0.9121854707792209,0.014661120129869976
100,mutual_info,rf,26,0.9315645292207793,0.9018871753246753,0.02967735389610393
100,mutual_info,rf,27,0.8869724025974025,0.8748478084415585,0.012124594155843993
100,mutual_info,rf,28,0.9161931818181818,0.8864650974025974,0.029728084415584388
100,mutual_info,rf,29,0.9156858766233766,0.8993506493506493,0.016335227272727293
100,rf_importance,logistic,0,0.8821022727272727,0.8457792207792209,0.036323051948051854
100,rf_importance,logistic,1,0.8635349025974026,0.8375608766233767,0.02597402597402587
100,rf_importance,logistic,2,0.9103084415584416,0.8824066558441558,0.02790178571428581
100,rf_importance,logistic,3,0.9222808441558442,0.8686079545454546,0.05367288961038963
100,rf_importance,logistic,4,0.8815949675324676,0.8658685064935064,0.015726461038961137
100,rf_importance,logistic,5,0.8675933441558441,0.8413149350649352,0.02627840909090895
100,rf_importance,logistic,6,0.8855519480519481,0.8475040584415584,0.03804788961038974
100,rf_importance,logistic,7,0.9014813311688312,0.8614042207792207,0.04007711038961048
100,rf_importance,logistic,8,0.877435064935065,0.8338068181818183,0.04362824675324661
100,rf_importance,logistic,9,0.8991477272727273,0.8617086038961039,0.03743912337662336
100,rf_importance,logistic,10,0.9026988636363636,0.8424310064935064,0.060267857142857206
100,rf_importance,logistic,11,0.880377435064935,0.866984577922078,0.013392857142857095
100,rf_importance,logistic,12,0.8875811688311688,0.867288961038961,0.02029220779220775
100,rf_importance,logistic,13,0.8842329545454545,0.8501420454545454,0.03409090909090906
100,rf_importance,logistic,14,0.8989448051948052,0.836140422077922,0.06280438311688319
100,rf_importance,logistic,15,0.9053368506493507,0.866984577922078,0.03835227272727271
100,rf_importance,logistic,16,0.8720576298701299,0.8318790584415585,0.0401785714285714
100,rf_importance,logistic,17,0.911627435064935,0.8909293831168831,0.020698051948051965
100,rf_importance,logistic,18,0.8838271103896104,0.8399959415584416,0.043831168831168776
100,rf_importance,logistic,19,0.8810876623376624,0.8278206168831169,0.053267045454545525
100,rf_importance,logistic,20,0.9056412337662337,0.8555194805194806,0.050121753246753165
100,rf_importance,logistic,21,0.919237012987013,0.8734780844155844,0.0457589285714286
100,rf_importance,logistic,22,0.8565340909090909,0.8206168831168832,0.03591720779220775
100,rf_importance,logistic,23,0.9026988636363636,0.8442573051948051,0.05844155844155852
100,rf_importance,logistic,24,0.8934659090909091,0.8582589285714286,0.03520698051948046
100,rf_importance,logistic,25,0.8678977272727273,0.8756087662337663,-0.007711038961038974
100,rf_importance,logistic,26,0.8918425324675324,0.8547077922077922,0.03713474025974017
100,rf_importance,logistic,27,0.8946834415584416,0.8255884740259739,0.06909496753246769
100,rf_importance,logistic,28,0.916700487012987,0.8410105519480519,0.07568993506493515
100,rf_importance,logistic,29,0.8986404220779222,0.8757102272727273,0.02293019480519487
100,rf_importance,rf,0,0.8897118506493508,0.8512581168831169,0.038453733766233844
100,rf_importance,rf,1,0.8899655032467534,0.8906757305194806,-0.0007102272727271819
100,rf_importance,rf,2,0.9109679383116883,0.891893262987013,0.019074675324675328
100,rf_importance,rf,3,0.8914366883116883,0.8776379870129871,0.0137987012987012
100,rf_importance,rf,4,0.9075182629870131,0.864650974025974,0.042867288961039085
100,rf_importance,rf,5,0.8855012175324675,0.865817775974026,0.019683441558441483
100,rf_importance,rf,6,0.9050324675324675,0.8972706980519481,0.0077617694805193205
100,rf_importance,rf,7,0.8964590097402597,0.8821530032467533,0.01430600649350644
100,rf_importance,rf,8,0.9066051136363636,0.874797077922078,0.0318080357142857
100,rf_importance,rf,9,0.9228896103896104,0.9032061688311688,0.019683441558441594
100,rf_importance,rf,10,0.895900974025974,0.895799512987013,0.00010146103896102598
100,rf_importance,rf,11,0.8914366883116883,0.8770292207792207,0.014407467532467577
100,rf_importance,rf,12,0.9166497564935066,0.9088372564935064,0.007812500000000111
100,rf_importance,rf,13,0.8839285714285715,0.8787540584415585,0.005174512987012991
100,rf_importance,rf,14,0.9041700487012988,0.8874289772727275,0.016741071428571286
100,rf_importance,rf,15,0.909953327922078,0.904880275974026,0.005073051948051965
100,rf_importance,rf,16,0.8827110389610389,0.8714488636363636,0.011262175324675217
100,rf_importance,rf,17,0.885551948051948,0.8601866883116884,0.025365259740259605
100,rf_importance,rf,18,0.8906757305194805,0.8517146915584415,0.038961038961038974
100,rf_importance,rf,19,0.9121347402597403,0.9019886363636364,0.01014610389610393
100,rf_importance,rf,20,0.919338474025974,0.9039163961038962,0.015422077922077837
100,rf_importance,rf,21,0.8954951298701298,0.8795657467532467,0.015929383116883078
100,rf_importance,rf,22,0.8959517045454546,0.8920454545454546,0.00390625
100,rf_importance,rf,23,0.8861607142857143,0.8655133928571429,0.020647321428571397
100,rf_importance,rf,24,0.8888494318181819,0.8634334415584417,0.025415990259740173
100,rf_importance,rf,25,0.917765827922078,0.8834212662337663,0.03434456168831168
100,rf_importance,rf,26,0.8978794642857142,0.8834212662337663,0.014458198051947924
100,rf_importance,rf,27,0.9223315746753247,0.8833705357142857,0.038961038961038974
100,rf_importance,rf,28,0.9197950487012988,0.9098011363636365,0.009993912337662336
100,rf_importance,rf,29,0.8948356331168832,0.9081777597402597,-0.013342126623376527
100,l1_logistic,logistic,0,0.8818993506493505,0.8712459415584416,0.01065340909090895
100,l1_logistic,logistic,1,0.8801745129870131,0.8784496753246753,0.0017248376623377748
100,l1_logistic,logistic,2,0.8691152597402598,0.8648538961038962,0.0042613636363636465
100,l1_logistic,logistic,3,0.883015422077922,0.869622564935065,0.013392857142857095
100,l1_logistic,logistic,4,0.8812905844155844,0.8780438311688312,0.0032467532467531646
100,l1_logistic,logistic,5,0.9056412337662336,0.898234577922078,0.007406655844155674
100,l1_logistic,logistic,6,0.8563311688311688,0.8399959415584416,0.016335227272727182
100,l1_logistic,logistic,7,0.8972199675324676,0.890523538961039,0.006696428571428603
100,l1_logistic,logistic,8,0.8990462662337663,0.8937702922077922,0.005275974025974017
100,l1_logistic,logistic,9,0.8874797077922078,0.8803774350649349,0.007102272727272818
100,l1_logistic,logistic,10,0.9072646103896103,0.8936688311688311,0.013595779220779147
100,l1_logistic,logistic,11,0.9110186688311688,0.9019886363636362,0.009030032467532534
100,l1_logistic,logistic,12,0.8727678571428573,0.8548092532467533,0.01795860389610404
100,l1_logistic,logistic,13,0.8957995129870131,0.895799512987013,1.1102230246251565e-16
100,l1_logistic,logistic,14,0.8599837662337663,0.8513595779220781,0.008624188311688208
100,l1_logistic,logistic,15,0.8831168831168831,0.8828125000000001,0.00030438311688296693
100,l1_logistic,logistic,16,0.8848417207792207,0.8606939935064934,0.024147727272727293
100,l1_logistic,logistic,17,0.8735795454545455,0.8572443181818182,0.016335227272727293
100,l1_logistic,logistic,18,0.8740868506493508,0.8633319805194805,0.010754870129870309
100,l1_logistic,logistic,19,0.8874797077922078,0.8654626623376623,0.022017045454545414
100,l1_logistic,logistic,20,0.8937702922077921,0.8759131493506493,0.017857142857142794
100,l1_logistic,logistic,21,0.8665787337662337,0.8623173701298701,0.0042613636363636465
100,l1_logistic,logistic,22,0.8990462662337662,0.8995535714285714,-0.0005073051948052409
100,l1_logistic,logistic,23,0.8776379870129871,0.8745941558441558,0.0030438311688313346
100,l1_logistic,logistic,24,0.9082792207792207,0.8950892857142857,0.013189935064935043
100,l1_logistic,logistic,25,0.9015827922077922,0.8805803571428571,0.021002435064935154
100,l1_logistic,logistic,26,0.8548092532467533,0.8526785714285715,0.0021306818181817677
100,l1_logistic,logistic,27,0.8633319805194806,0.8535917207792207,0.009740259740259827
100,l1_logistic,logistic,28,0.8966112012987013,0.8796672077922079,0.01694399350649345
100,l1_logistic,logistic,29,0.9023944805194806,0.882913961038961,0.019480519480519543
100,l1_logistic,rf,0,0.885551948051948,0.8681006493506492,0.0174512987012988
100,l1_logistic,rf,1,0.8792613636363636,0.853997564935065,0.02526379870129869
100,l1_logistic,rf,2,0.9104099025974026,0.9121854707792207,-0.0017755681818181213
100,l1_logistic,rf,3,0.9208603896103896,0.9301440746753247,-0.009283685064935043
100,l1_logistic,rf,4,0.9221793831168832,0.9133015422077922,0.00887784090909094
100,l1_logistic,rf,5,0.9116274350649352,0.9062499999999999,0.005377435064935265
100,l1_logistic,rf,6,0.883979301948052,0.84375,0.040229301948051965
100,l1_logistic,rf,7,0.9090909090909091,0.9005681818181819,0.008522727272727182
100,l1_logistic,rf,8,0.9010247564935066,0.899705762987013,0.0013189935064935598
100,l1_logistic,rf,9,0.9123376623376623,0.9151785714285715,-0.0028409090909091717
100,l1_logistic,rf,10,0.9045758928571429,0.8984375,0.006138392857142905
100,l1_logistic,rf,11,0.9184760551948051,0.8977272727272727,0.020748782467532423
100,l1_logistic,rf,12,0.924411525974026,0.8935166396103896,0.030894886363636354
100,l1_logistic,rf,13,0.9149756493506492,0.8861099837662338,0.02886566558441539
100,l1_logistic,rf,14,0.88671875,0.8738839285714286,0.012834821428571397
100,l1_logistic,rf,15,0.898234577922078,0.8983867694805194,-0.00015219155844148347
100,l1_logistic,rf,16,0.9004159902597402,0.8727678571428572,0.027648133116882967
100,l1_logistic,rf,17,0.8940746753246753,0.8858563311688312,0.008218344155844104
100,l1_logistic,rf,18,0.908887987012987,0.8989448051948051,0.009943181818181879
100,l1_logistic,rf,19,0.9095982142857142,0.9117288961038961,-0.0021306818181818787
100,l1_logistic,rf,20,0.8828632305194805,0.8792613636363636,0.003601866883116811
100,l1_logistic,rf,21,0.8862621753246753,0.8921976461038961,-0.005935470779220742
100,l1_logistic,rf,22,0.904880275974026,0.9068080357142857,-0.0019277597402597157
100,l1_logistic,rf,23,0.8988433441558442,0.8886465097402597,0.0101968344155845
100,l1_logistic,rf,24,0.9086850649350648,0.8952414772727272,0.013443587662337664
100,l1_logistic,rf,25,0.9229910714285714,0.8955965909090909,0.027394480519480457
100,l1_logistic,rf,26,0.8942775974025974,0.861911525974026,0.0323660714285714
100,l1_logistic,rf,27,0.9291801948051948,0.8943790584415584,0.034801136363636354
100,l1_logistic,rf,28,0.9199979707792207,0.9223315746753247,-0.0023336038961039307
100,l1_logistic,rf,29,0.8985389610389611,0.8664265422077922,0.03211241883116889
256,mutual_info,logistic,0,0.885247564935065,0.8511566558441559,0.03409090909090906
256,mutual_info,logistic,1,0.8894074675324675,0.8687094155844156,0.020698051948051854
256,mutual_info,logistic,2,0.8846387987012987,0.843851461038961,0.040787337662337664
256,mutual_info,logistic,3,0.9008725649350648,0.8775365259740261,0.023336038961038752
256,mutual_info,logistic,4,0.9053368506493507,0.8247767857142857,0.08056006493506496
256,mutual_info,logistic,5,0.8610998376623377,0.8577516233766235,0.0033482142857141906
256,mutual_info,logistic,6,0.861810064935065,0.8112824675324675,0.05052759740259749
256,mutual_info,logistic,7,0.8936688311688311,0.8684050324675324,0.02526379870129869
256,mutual_info,logistic,8,0.8942775974025974,0.8469967532467532,0.047280844155844215
256,mutual_info,logistic,9,0.9180194805194805,0.8479099025974026,0.07010957792207784
256,mutual_info,logistic,10,0.8538961038961038,0.8545048701298701,-0.0006087662337662669
256,mutual_info,logistic,11,0.8639407467532467,0.8573457792207793,0.006594967532467466
256,mutual_info,logistic,12,0.9091923701298701,0.8709415584415584,0.03825081168831168
256,mutual_info,logistic,13,0.8846387987012986,0.8243709415584416,0.060267857142856984
256,mutual_info,logistic,14,0.9093952922077921,0.8630275974025974,0.04636769480519476
256,mutual_info,logistic,15,0.8761160714285714,0.8627232142857143,0.013392857142857095
256,mutual_info,logistic,16,0.8980316558441559,0.8798701298701298,0.018161525974026094
256,mutual_info,logistic,17,0.8852475649350651,0.8438514610389611,0.04139610389610393
256,mutual_info,logistic,18,0.9030032467532468,0.8671875,0.035815746753246835
256,mutual_info,logistic,19,0.8862621753246753,0.8731737012987013,0.013088474025974017
256,mutual_info,logistic,20,0.9056412337662338,0.8447646103896105,0.06087662337662336
256,mutual_info,logistic,21,0.8621144480519481,0.8479099025974026,0.014204545454545525
256,mutual_info,logistic,22,0.8614042207792209,0.8322849025974026,0.029119318181818232
256,mutual_info,logistic,23,0.8801745129870131,0.8563311688311689,0.023843344155844215
256,mutual_info,logistic,24,0.9126420454545454,0.8666801948051948,0.045961850649350655
256,mutual_info,logistic,25,0.8945819805194806,0.8895089285714286,0.005073051948051965
256,mutual_info,logistic,26,0.8930600649350651,0.8882913961038962,0.004768668831168887
256,mutual_info,logistic,27,0.8873782467532467,0.8728693181818181,0.014508928571428603
256,mutual_info,logistic,28,0.8743912337662338,0.8736810064935066,0.0007102272727272929
256,mutual_info,logistic,29,0.8944805194805195,0.8348214285714286,0.05965909090909094
256,mutual_info,rf,0,0.9107650162337663,0.9013291396103895,0.009435876623376749
256,mutual_info,rf,1,0.923346185064935,0.885551948051948,0.03779423701298701
256,mutual_info,rf,2,0.9223315746753247,0.9182224025974026,0.004109172077922052
256,mutual_info,rf,3,0.9187804383116883,0.9142146915584416,0.004565746753246724
256,mutual_info,rf,4,0.9222301136363636,0.8778409090909091,0.044389204545454586
256,mutual_info,rf,5,0.924411525974026,0.9081777597402597,0.016233766233766267
256,mutual_info,rf,6,0.9280641233766235,0.9157873376623377,0.01227678571428581
256,mutual_info,rf,7,0.932122564935065,0.8817471590909092,0.050375405844155785
256,mutual_info,rf,8,0.9109679383116883,0.8994013798701299,0.011566558441558406
256,mutual_info,rf,9,0.8863636363636364,0.8526278409090909,0.033735795454545414
256,mutual_info,rf,10,0.9346083603896103,0.9024452110389611,0.03216314935064912
256,mutual_info,rf,11,0.9053368506493507,0.885247564935065,0.0200892857142857
256,mutual_info,rf,12,0.905083198051948,0.8973721590909092,0.007711038961038863
256,mutual_info,rf,13,0.9240564123376623,0.8955458603896105,0.028510551948051854
256,mutual_info,rf,14,0.9067573051948052,0.8857548701298701,0.021002435064935154
256,mutual_info,rf,15,0.9099025974025975,0.8837256493506493,0.026176948051948146
256,mutual_info,rf,16,0.871296672077922,0.8612520292207793,0.010044642857142794
256,mutual_info,rf,17,0.9148741883116882,0.8815949675324675,0.03327922077922074
256,mutual_info,rf,18,0.9162946428571428,0.9091923701298701,0.007102272727272707
256,mutual_info,rf,19,0.9203023538961038,0.8974736201298701,0.022828733766233733
256,mutual_info,rf,20,0.9195413961038961,0.9198457792207793,-0.000304383116883189
256,mutual_info,rf,21,0.9262885551948051,0.9105620941558442,0.015726461038960915
256,mutual_info,rf,22,0.9079748376623376,0.9041700487012987,0.003804788961038863
256,mutual_info,rf,23,0.9248681006493508,0.8688108766233766,0.05605722402597413
256,mutual_info,rf,24,0.9298396915584416,0.9248173701298702,0.005022321428571397
256,mutual_info,rf,25,0.9153814935064936,0.8896103896103896,0.02577110389610393
256,mutual_info,rf,26,0.9050324675324676,0.8589184253246754,0.04611404220779214
256,mutual_info,rf,27,0.907721185064935,0.9028003246753247,0.004920860389610371
256,mutual_info,rf,28,0.9256290584415584,0.9110186688311689,0.014610389610389518
256,mutual_info,rf,29,0.9164468344155845,0.9039163961038961,0.01253043831168843
256,rf_importance,logistic,0,0.9030032467532468,0.8398944805194806,0.06310876623376627
256,rf_importance,logistic,1,0.8832183441558442,0.8686079545454546,0.01461038961038963
256,rf_importance,logistic,2,0.8652597402597403,0.8089488636363636,0.05631087662337664
256,rf_importance,logistic,3,0.8763189935064934,0.8398944805194805,0.03642451298701299
256,rf_importance,logistic,4,0.877739448051948,0.809760551948052,0.06797889610389607
256,rf_importance,logistic,5,0.908279220779221,0.8546063311688312,0.05367288961038974
256,rf_importance,logistic,6,0.8554180194805195,0.830560064935065,0.024857954545454586
256,rf_importance,logistic,7,0.9039163961038961,0.8498376623376623,0.05407873376623373
256,rf_importance,logistic,8,0.8871753246753247,0.8135146103896103,0.07366071428571441
256,rf_importance,logistic,9,0.8682021103896104,0.8609983766233765,0.007203733766233844
256,rf_importance,logistic,10,0.8919439935064934,0.8534902597402597,0.03845373376623373
256,rf_importance,logistic,11,0.8893060064935064,0.8387784090909091,0.05052759740259738
256,rf_importance,logistic,12,0.8917410714285715,0.8238636363636364,0.06787743506493515
256,rf_importance,logistic,13,0.8728693181818182,0.8343141233766234,0.03855519480519487
256,rf_importance,logistic,14,0.8837256493506492,0.8478084415584417,0.03591720779220753
256,rf_importance,logistic,15,0.8597808441558443,0.846185064935065,0.01359577922077937
256,rf_importance,logistic,16,0.893262987012987,0.8241680194805194,0.06909496753246758
256,rf_importance,logistic,17,0.8921469155844156,0.8466923701298701,0.045454545454545525
256,rf_importance,logistic,18,0.8921469155844156,0.8666801948051948,0.025466720779220853
256,rf_importance,logistic,19,0.9035105519480521,0.8665787337662337,0.03693181818181834
256,rf_importance,logistic,20,0.8920454545454545,0.8226461038961039,0.06939935064935054
256,rf_importance,logistic,21,0.8613027597402597,0.8354301948051949,0.025872564935064846
256,rf_importance,logistic,22,0.8597808441558441,0.8197037337662337,0.04007711038961037
256,rf_importance,logistic,23,0.8957995129870131,0.8481128246753246,0.04768668831168854
256,rf_importance,logistic,24,0.8916396103896104,0.8213271103896104,0.0703125
256,rf_importance,logistic,25,0.8736810064935064,0.8740868506493507,-0.00040584415584421496
256,rf_importance,logistic,26,0.8951907467532467,0.8674918831168831,0.027698863636363646
256,rf_importance,logistic,27,0.8745941558441558,0.8292410714285715,0.04535308441558428
256,rf_importance,logistic,28,0.8505478896103896,0.8563311688311689,-0.005783279220779258
256,rf_importance,logistic,29,0.8718547077922079,0.8781452922077921,-0.006290584415584277
256,rf_importance,rf,0,0.9015827922077924,0.8979809253246753,0.003601866883117033
256,rf_importance,rf,1,0.8990969967532468,0.8846387987012987,0.014458198051948146
256,rf_importance,rf,2,0.8980316558441559,0.8515117694805195,0.046519886363636354
256,rf_importance,rf,3,0.8963575487012987,0.8735795454545455,0.022778003246753165
256,rf_importance,rf,4,0.9160409902597403,0.8745941558441559,0.04144683441558439
256,rf_importance,rf,5,0.9256797889610389,0.9104099025974026,0.015269886363636243
256,rf_importance,rf,6,0.9280641233766233,0.8930093344155844,0.03505478896103886
256,rf_importance,rf,7,0.903510551948052,0.8564833603896104,0.047027191558441594
256,rf_importance,rf,8,0.9300933441558441,0.8951907467532467,0.03490259740259738
256,rf_importance,rf,9,0.9151278409090909,0.884283685064935,0.030844155844155896
256,rf_importance,rf,10,0.8927556818181818,0.8596286525974026,0.03312702922077915
256,rf_importance,rf,11,0.9067573051948052,0.8700284090909091,0.03672889610389618
256,rf_importance,rf,12,0.931158685064935,0.908989448051948,0.02216923701298701
256,rf_importance,rf,13,0.9212662337662338,0.8980823863636364,0.02318384740259749
256,rf_importance,rf,14,0.8954443993506493,0.8627232142857142,0.032721185064935154
256,rf_importance,rf,15,0.9085836038961038,0.8863636363636364,0.022219967532467466
256,rf_importance,rf,16,0.9121854707792207,0.8707893668831169,0.04139610389610382
256,rf_importance,rf,17,0.9121347402597403,0.8773336038961039,0.034801136363636354
256,rf_importance,rf,18,0.9005681818181818,0.8473011363636364,0.053267045454545414
256,rf_importance,rf,19,0.921773538961039,0.9137073863636364,0.00806615259740262
256,rf_importance,rf,20,0.9140625,0.8813413149350648,0.032721185064935154
256,rf_importance,rf,21,0.9126927759740259,0.8674411525974026,0.04525162337662325
256,rf_importance,rf,22,0.9104099025974026,0.8729200487012988,0.03748985389610382
256,rf_importance,rf,23,0.9104099025974025,0.8811383928571428,0.029271509740259716
256,rf_importance,rf,24,0.9067573051948051,0.8676948051948052,0.03906249999999989
256,rf_importance,rf,25,0.8975243506493507,0.8609983766233765,0.03652597402597413
256,rf_importance,rf,26,0.9109172077922078,0.8908279220779222,0.020089285714285587
256,rf_importance,rf,27,0.9130986201298702,0.8947849025974025,0.018313717532467688
256,rf_importance,rf,28,0.9044744318181818,0.8916903409090909,0.012784090909090828
256,rf_importance,rf,29,0.9125405844155844,0.8753043831168831,0.03723620129870131
256,l1_logistic,logistic,0,0.8948863636363636,0.862114448051948,0.03277191558441561
256,l1_logistic,logistic,1,0.9003652597402598,0.8574472402597403,0.04291801948051954
256,l1_logistic,logistic,2,0.90625,0.8623173701298702,0.0439326298701298
256,l1_logistic,logistic,3,0.8914366883116882,0.8674918831168831,0.02394480519480513
256,l1_logistic,logistic,4,0.9014813311688312,0.8653612012987013,0.03612012987012991
256,l1_logistic,logistic,5,0.8548092532467532,0.7945413961038962,0.060267857142856984
256,l1_logistic,logistic,6,0.853997564935065,0.8371550324675325,0.016842532467532423
256,l1_logistic,logistic,7,0.8925527597402598,0.8427353896103896,0.0498173701298702
256,l1_logistic,logistic,8,0.8891030844155844,0.8400974025974026,0.04900568181818177
256,l1_logistic,logistic,9,0.8918425324675324,0.8666801948051946,0.025162337662337775
256,l1_logistic,logistic,10,0.877739448051948,0.8640422077922078,0.013697240259740284
256,l1_logistic,logistic,11,0.8929586038961039,0.859375,0.03358360389610393
256,l1_logistic,logistic,12,0.911323051948052,0.8507508116883117,0.060572240259740284
256,l1_logistic,logistic,13,0.9029017857142857,0.8640422077922079,0.03885957792207784
256,l1_logistic,logistic,14,0.867288961038961,0.8135146103896105,0.053774350649350544
256,l1_logistic,logistic,15,0.8938717532467533,0.8830154220779222,0.010856331168831113
256,l1_logistic,logistic,16,0.9258319805194806,0.8740868506493505,0.051745129870130024
256,l1_logistic,logistic,17,0.8849431818181818,0.8443587662337663,0.0405844155844155
256,l1_logistic,logistic,18,0.8896103896103896,0.8600852272727272,0.029525162337662447
256,l1_logistic,logistic,19,0.8979301948051948,0.8446631493506493,0.053267045454545414
256,l1_logistic,logistic,20,0.880073051948052,0.8524756493506492,0.02759740259740273
256,l1_logistic,logistic,21,0.9065543831168831,0.8702313311688311,0.036323051948051965
256,l1_logistic,logistic,22,0.9106128246753248,0.8909293831168831,0.019683441558441706
256,l1_logistic,logistic,23,0.8760146103896104,0.8059050324675324,0.07010957792207795
256,l1_logistic,logistic,24,0.8836241883116883,0.8638392857142858,0.01978490259740251
256,l1_logistic,logistic,25,0.8929586038961038,0.8417207792207791,0.05123782467532467
256,l1_logistic,logistic,26,0.9079748376623378,0.8711444805194805,0.03683035714285732
256,l1_logistic,logistic,27,0.8833198051948051,0.8663758116883118,0.016943993506493338
256,l1_logistic,logistic,28,0.8730722402597402,0.8399959415584416,0.03307629870129858
256,l1_logistic,logistic,29,0.8833198051948051,0.8205154220779219,0.06280438311688319
256,l1_logistic,rf,0,0.9204545454545454,0.8799715909090909,0.040482954545454475
256,l1_logistic,rf,1,0.906148538961039,0.882609577922078,0.023538961038961026
256,l1_logistic,rf,2,0.8967126623376622,0.8905742694805195,0.006138392857142683
256,l1_logistic,rf,3,0.9080762987012986,0.8776887175324675,0.030387581168831113
256,l1_logistic,rf,4,0.903713474025974,0.8755073051948052,0.028206168831168776
256,l1_logistic,rf,5,0.9085328733766234,0.8680499188311688,0.040482954545454586
256,l1_logistic,rf,6,0.918070211038961,0.8629768668831169,0.055093344155844104
256,l1_logistic,rf,7,0.9045251623376623,0.8588169642857143,0.045708198051948035
256,l1_logistic,rf,8,0.9161931818181818,0.8832690746753247,0.032924107142857095
256,l1_logistic,rf,9,0.9182224025974026,0.9007711038961039,0.01745129870129869
256,l1_logistic,rf,10,0.9129971590909091,0.8807325487012987,0.03226461038961037
256,l1_logistic,rf,11,0.9018364448051948,0.8770799512987013,0.02475649350649345
256,l1_logistic,rf,12,0.8929078733766234,0.8597301136363636,0.033177759740259716
256,l1_logistic,rf,13,0.9014813311688311,0.8831676136363636,0.018313717532467466
256,l1_logistic,rf,14,0.9012784090909091,0.8689630681818181,0.03231534090909094
256,l1_logistic,rf,15,0.9233461850649349,0.8939732142857144,0.02937297077922052
256,l1_logistic,rf,16,0.9112723214285714,0.8771306818181819,0.03414163961038952
256,l1_logistic,rf,17,0.9159395292207793,0.8628246753246753,0.05311485389610393
256,l1_logistic,rf,18,0.9164468344155844,0.8700791396103896,0.04636769480519476
256,l1_logistic,rf,19,0.923143262987013,0.8831168831168832,0.0400263798701298
256,l1_logistic,rf,20,0.9188818993506493,0.8862621753246753,0.03261972402597402
256,l1_logistic,rf,21,0.9135044642857143,0.8864143668831169,0.02709009740259738
256,l1_logistic,rf,22,0.9355215097402596,0.9109679383116884,0.024553571428571175
256,l1_logistic,rf,23,0.896002435064935,0.8643973214285714,0.031605113636363646
256,l1_logistic,rf,24,0.9035612824675325,0.872260551948052,0.03130073051948057
256,l1_logistic,rf,25,0.9055905032467532,0.8705864448051949,0.035004058441558294
256,l1_logistic,rf,26,0.9373985389610389,0.8989448051948051,0.03845373376623373
256,l1_logistic,rf,27,0.9058441558441559,0.8700284090909091,0.035815746753246835
256,l1_logistic,rf,28,0.9071631493506493,0.8717532467532467,0.03540990259740262
256,l1_logistic,rf,29,0.9313108766233766,0.8872260551948051,0.04408482142857151
1000,mutual_info,logistic,0,0.9171063311688311,0.8293425324675324,0.08776379870129869
1000,mutual_info,logistic,1,0.9054383116883117,0.8219358766233766,0.08350243506493504
1000,mutual_info,logistic,2,0.9168019480519481,0.8366477272727273,0.08015422077922085
1000,mutual_info,logistic,3,0.9073660714285714,0.8404017857142858,0.06696428571428559
1000,mutual_info,logistic,4,0.887987012987013,0.8531858766233766,0.034801136363636354
1000,mutual_info,logistic,5,0.8974228896103896,0.8478084415584415,0.049614448051948146
1000,mutual_info,logistic,6,0.9289772727272728,0.8327922077922079,0.09618506493506496
1000,mutual_info,logistic,7,0.8963068181818182,0.8527800324675325,0.0435267857142857
1000,mutual_info,logistic,8,0.9014813311688312,0.7952516233766234,0.10622970779220786
1000,mutual_info,logistic,9,0.9312094155844156,0.838676948051948,0.09253246753246758
1000,mutual_info,logistic,10,0.8927556818181818,0.8381696428571429,0.05458603896103886
1000,mutual_info,logistic,11,0.914265422077922,0.8798701298701298,0.03439529220779225
1000,mutual_info,logistic,12,0.9049310064935066,0.8387784090909092,0.06615259740259738
1000,mutual_info,logistic,13,0.8728693181818181,0.8322849025974027,0.04058441558441539
1000,mutual_info,logistic,14,0.9012784090909092,0.8415178571428571,0.059760551948052076
1000,mutual_info,logistic,15,0.9281655844155844,0.8579545454545454,0.07021103896103897
1000,mutual_info,logistic,16,0.906452922077922,0.8151379870129869,0.09131493506493515
1000,mutual_info,logistic,17,0.9169034090909092,0.8382711038961039,0.07863230519480524
1000,mutual_info,logistic,18,0.9049310064935064,0.8155438311688311,0.08938717532467533
1000,mutual_info,logistic,19,0.9154829545454546,0.849127435064935,0.06635551948051954
1000,mutual_info,logistic,20,0.8978287337662338,0.8633319805194806,0.034496753246753276
1000,mutual_info,logistic,21,0.9004667207792207,0.8424310064935064,0.0580357142857143
1000,mutual_info,logistic,22,0.8936688311688311,0.8563311688311689,0.037337662337662225
1000,mutual_info,logistic,23,0.900669642857143,0.8552150974025974,0.045454545454545636
1000,mutual_info,logistic,24,0.8948863636363636,0.8685064935064936,0.026379870129870087
1000,mutual_info,logistic,25,0.9095982142857143,0.807224025974026,0.10237418831168832
1000,mutual_info,logistic,26,0.9110186688311688,0.8474025974025974,0.0636160714285714
1000,mutual_info,logistic,27,0.9144683441558441,0.8520698051948051,0.062398538961038974
1000,mutual_info,logistic,28,0.8976258116883117,0.8157467532467532,0.08187905844155852
1000,mutual_info,logistic,29,0.8710430194805195,0.8529829545454546,0.018060064935064957
1000,mutual_info,rf,0,0.906452922077922,0.8917410714285715,0.014711850649350544
1000,mutual_info,rf,1,0.9223315746753247,0.9023944805194806,0.019937094155844104
1000,mutual_info,rf,2,0.9203530844155844,0.9051339285714286,0.015219155844155785
1000,mutual_info,rf,3,0.9108664772727273,0.91796875,-0.007102272727272707
1000,mutual_info,rf,4,0.9170556006493507,0.8695718344155844,0.04748376623376627
1000,mutual_info,rf,5,0.9258319805194806,0.8866680194805195,0.039163961038961026
1000,mutual_info,rf,6,0.9148741883116883,0.8868202110389609,0.028053977272727404
1000,mutual_info,rf,7,0.9222301136363636,0.8759638798701298,0.046266233766233844
1000,mutual_info,rf,8,0.913961038961039,0.8883928571428571,0.02556818181818188
1000,mutual_info,rf,9,0.9027495941558441,0.9020393668831169,0.0007102272727271819
1000,mutual_info,rf,10,0.9235998376623377,0.8767248376623377,0.046875
1000,mutual_info,rf,11,0.8940746753246753,0.8851968344155844,0.00887784090909094
1000,mutual_info,rf,12,0.9118303571428571,0.8897625811688312,0.02206777597402587
1000,mutual_info,rf,13,0.8978287337662337,0.8639407467532468,0.0338879870129869
1000,mutual_info,rf,14,0.903814935064935,0.8934659090909091,0.010349025974025983
1000,mutual_info,rf,15,0.9036627435064936,0.8693181818181819,0.03434456168831168
1000,mutual_info,rf,16,0.912794237012987,0.9044237012987013,0.008370535714285698
1000,mutual_info,rf,17,0.924310064935065,0.9092938311688312,0.015016233766233733
1000,mutual_info,rf,18,0.9164975649350648,0.9004159902597403,0.01608157467532456
1000,mutual_info,rf,19,0.8987418831168832,0.9000101461038962,-0.0012682629870129913
1000,mutual_info,rf,20,0.9380073051948052,0.907416801948052,0.030590503246753276
1000,mutual_info,rf,21,0.9257305194805193,0.8797179383116883,0.046012581168831
1000,mutual_info,rf,22,0.9288758116883117,0.8900669642857143,0.03880884740259738
1000,mutual_info,rf,23,0.9010247564935066,0.8963575487012987,0.004667207792207861
1000,mutual_info,rf,24,0.9071124188311689,0.8809862012987013,0.026126217532467577
1000,mutual_info,rf,25,0.9209618506493507,0.9080762987012987,0.012885551948051965
1000,mutual_info,rf,26,0.9208603896103896,0.8989448051948052,0.021915584415584388
1000,mutual_info,rf,27,0.8961038961038961,0.8759638798701299,0.020140016233766156
1000,mutual_info,rf,28,0.9119825487012987,0.8980316558441559,0.013950892857142794
1000,mutual_info,rf,29,0.9108664772727273,0.8444602272727273,0.06640625
1000,rf_importance,logistic,0,0.9028003246753247,0.8470982142857143,0.05570211038961037
1000,rf_importance,logistic,1,0.9123376623376624,0.8535917207792209,0.058745941558441594
1000,rf_importance,logistic,2,0.8971185064935066,0.8785511363636364,0.018567370129870198
1000,rf_importance,logistic,3,0.9047280844155845,0.8684050324675324,0.036323051948052076
1000,rf_importance,logistic,4,0.9127435064935066,0.8372564935064936,0.07548701298701299
1000,rf_importance,logistic,5,0.882711038961039,0.8393871753246753,0.043323863636363646
1000,rf_importance,logistic,6,0.9129464285714286,0.8459821428571429,0.0669642857142857
1000,rf_importance,logistic,7,0.9137581168831168,0.8434456168831169,0.07031249999999989
1000,rf_importance,logistic,8,0.8973214285714285,0.8043831168831169,0.09293831168831157
1000,rf_importance,logistic,9,0.8867694805194807,0.8757102272727273,0.011059253246753387
1000,rf_importance,logistic,10,0.9173092532467532,0.8609983766233766,0.05631087662337653
1000,rf_importance,logistic,11,0.9068587662337663,0.8522727272727273,0.054586038961038974
1000,rf_importance,logistic,12,0.900872564935065,0.8204139610389611,0.08045860389610382
1000,rf_importance,logistic,13,0.8918425324675324,0.8550121753246753,0.036830357142857095
1000,rf_importance,logistic,14,0.9023944805194806,0.8418222402597402,0.060572240259740395
1000,rf_importance,logistic,15,0.8969155844155844,0.8339082792207793,0.06300730519480513
1000,rf_importance,logistic,16,0.9106128246753246,0.8294439935064936,0.081168831168831
1000,rf_importance,logistic,17,0.9049310064935064,0.8444602272727273,0.06047077922077915
1000,rf_importance,logistic,18,0.8674918831168832,0.8272118506493507,0.040280032467532534
1000,rf_importance,logistic,19,0.8979301948051949,0.8376623376623377,0.060267857142857206
1000,rf_importance,logistic,20,0.9289772727272727,0.8602881493506493,0.06868912337662336
1000,rf_importance,logistic,21,0.9147727272727273,0.8264001623376623,0.08837256493506496
1000,rf_importance,logistic,22,0.9087865259740261,0.8007305194805195,0.10805600649350655
1000,rf_importance,logistic,23,0.8860592532467533,0.8397930194805194,0.046266233766233844
1000,rf_importance,logistic,24,0.8963068181818181,0.8331980519480519,0.06310876623376627
1000,rf_importance,logistic,25,0.8787540584415584,0.8212256493506493,0.05752840909090906
1000,rf_importance,logistic,26,0.9252232142857143,0.8058035714285715,0.1194196428571428
1000,rf_importance,logistic,27,0.9054383116883117,0.861911525974026,0.0435267857142857
1000,rf_importance,logistic,28,0.911525974025974,0.8349228896103896,0.07660308441558439
1000,rf_importance,logistic,29,0.9177150974025974,0.8134131493506495,0.10430194805194792
1000,rf_importance,rf,0,0.9115767045454546,0.8727678571428571,0.03880884740259749
1000,rf_importance,rf,1,0.9081777597402598,0.8821530032467533,0.02602475649350655
1000,rf_importance,rf,2,0.9003652597402598,0.8853997564935064,0.014965503246753387
1000,rf_importance,rf,3,0.9229910714285714,0.9012784090909091,0.021712662337662336
1000,rf_importance,rf,4,0.9201501623376623,0.8788047889610391,0.04134537337662325
1000,rf_importance,rf,5,0.9095982142857144,0.8703327922077924,0.03926542207792205
1000,rf_importance,rf,6,0.9356229707792207,0.9159902597402597,0.019632711038961026
1000,rf_importance,rf,7,0.9187804383116883,0.8926034902597403,0.026176948051948035
1000,rf_importance,rf,8,0.931057224025974,0.9116781655844155,0.019379058441558517
1000,rf_importance,rf,9,0.9116781655844156,0.9029017857142857,0.008776379870129913
1000,rf_importance,rf,10,0.9289772727272727,0.9001116071428572,0.0288656655844155
1000,rf_importance,rf,11,0.9124391233766235,0.8824066558441558,0.030032467532467688
1000,rf_importance,rf,12,0.9176643668831169,0.8727678571428572,0.044896509740259716
1000,rf_importance,rf,13,0.920403814935065,0.8869724025974026,0.033431412337662336
1000,rf_importance,rf,14,0.9046266233766234,0.8571935876623378,0.04743303571428559
1000,rf_importance,rf,15,0.8991477272727272,0.865919237012987,0.03322849025974017
1000,rf_importance,rf,16,0.876268262987013,0.837002840909091,0.03926542207792194
1000,rf_importance,rf,17,0.8879362824675324,0.8351765422077924,0.05275974025974006
1000,rf_importance,rf,18,0.9251217532467533,0.9147219967532468,0.01039975649350644
1000,rf_importance,rf,19,0.9227881493506493,0.8793628246753247,0.04342532467532467
1000,rf_importance,rf,20,0.911323051948052,0.884283685064935,0.027039366883116922
1000,rf_importance,rf,21,0.9202516233766235,0.8977272727272727,0.022524350649350766
1000,rf_importance,rf,22,0.9170048701298701,0.8986911525974026,0.018313717532467466
1000,rf_importance,rf,23,0.9084314123376623,0.8779423701298701,0.03048904220779225
1000,rf_importance,rf,24,0.9198965097402597,0.8969155844155844,0.022980925324675328
1000,rf_importance,rf,25,0.9242593344155844,0.8971692370129871,0.02709009740259727
1000,rf_importance,rf,26,0.9032568993506493,0.8677455357142859,0.035511363636363424
1000,rf_importance,rf,27,0.9074675324675324,0.8537439123376623,0.05372362012987009
1000,rf_importance,rf,28,0.9331879058441558,0.8751014610389611,0.05808644480519465
1000,rf_importance,rf,29,0.904778814935065,0.8937195616883117,0.011059253246753276
1000,l1_logistic,logistic,0,0.8843344155844156,0.8133116883116883,0.07102272727272729
1000,l1_logistic,logistic,1,0.9004667207792209,0.8326907467532467,0.06777597402597413
1000,l1_logistic,logistic,2,0.8772321428571428,0.7911931818181819,0.08603896103896091
1000,l1_logistic,logistic,3,0.9101055194805195,0.8236607142857143,0.08644480519480524
1000,l1_logistic,logistic,4,0.9309050324675324,0.7656249999999999,0.16528003246753253
1000,l1_logistic,logistic,5,0.8799715909090909,0.8086444805194806,0.07132711038961037
1000,l1_logistic,logistic,6,0.9021915584415584,0.7685673701298702,0.1336241883116882
1000,l1_logistic,logistic,7,0.9232954545454545,0.7919034090909091,0.13139204545454541
1000,l1_logistic,logistic,8,0.8997564935064933,0.7858157467532468,0.1139407467532465
1000,l1_logistic,logistic,9,0.9237012987012987,0.791599025974026,0.1321022727272727
1000,l1_logistic,logistic,10,0.9106128246753247,0.8206168831168831,0.0899959415584416
1000,l1_logistic,logistic,11,0.9180194805194805,0.8174715909090909,0.10054788961038952
1000,l1_logistic,logistic,12,0.9185267857142857,0.791497564935065,0.12702922077922074
1000,l1_logistic,logistic,13,0.9051339285714286,0.7868303571428571,0.11830357142857151
1000,l1_logistic,logistic,14,0.9136566558441558,0.8406047077922079,0.07305194805194792
1000,l1_logistic,logistic,15,0.8967126623376623,0.762784090909091,0.13392857142857129
1000,l1_logistic,logistic,16,0.885551948051948,0.7783076298701298,0.10724431818181823
1000,l1_logistic,logistic,17,0.8981331168831169,0.8007305194805195,0.09740259740259738
1000,l1_logistic,logistic,18,0.9183238636363636,0.7933238636363636,0.125
1000,l1_logistic,logistic,19,0.9193384740259739,0.802252435064935,0.11708603896103886
1000,l1_logistic,logistic,20,0.9031047077922078,0.7592329545454546,0.14387175324675316
1000,l1_logistic,logistic,21,0.9055397727272728,0.8062094155844156,0.0993303571428572
1000,l1_logistic,logistic,22,0.9149756493506493,0.7883522727272727,0.12662337662337664
1000,l1_logistic,logistic,23,0.8963068181818182,0.8007305194805194,0.0955762987012988
1000,l1_logistic,logistic,24,0.9013798701298702,0.8032670454545455,0.09811282467532467
1000,l1_logistic,logistic,25,0.8921469155844157,0.786525974025974,0.1056209415584417
1000,l1_logistic,logistic,26,0.9264407467532468,0.8365462662337663,0.08989448051948057
1000,l1_logistic,logistic,27,0.9172077922077921,0.778814935064935,0.1383928571428571
1000,l1_logistic,logistic,28,0.9109172077922078,0.8486201298701298,0.06229707792207795
1000,l1_logistic,logistic,29,0.8898133116883117,0.7686688311688312,0.12114448051948046
1000,l1_logistic,rf,0,0.911525974025974,0.8349228896103896,0.07660308441558439
1000,l1_logistic,rf,1,0.9043729707792207,0.8664772727272727,0.037895698051948035
1000,l1_logistic,rf,2,0.9045251623376623,0.8378652597402597,0.06665990259740262
1000,l1_logistic,rf,3,0.9294845779220778,0.8485693993506493,0.08091517857142849
1000,l1_logistic,rf,4,0.9030539772727273,0.8538961038961038,0.04915787337662347
1000,l1_logistic,rf,5,0.9296367694805194,0.8782467532467532,0.05139001623376627
1000,l1_logistic,rf,6,0.9071124188311689,0.8504971590909091,0.05661525974025983
1000,l1_logistic,rf,7,0.9114752435064934,0.8388798701298701,0.07259537337662336
1000,l1_logistic,rf,8,0.8871753246753248,0.8252840909090908,0.061891233766233955
1000,l1_logistic,rf,9,0.922077922077922,0.8153916396103896,0.10668628246753242
1000,l1_logistic,rf,10,0.9012276785714286,0.854099025974026,0.04712865259740262
1000,l1_logistic,rf,11,0.9183745941558441,0.8369521103896105,0.08142248376623362
1000,l1_logistic,rf,12,0.9082792207792207,0.8409090909090908,0.06737012987012991
1000,l1_logistic,rf,13,0.9160409902597403,0.8521205357142857,0.06392045454545459
1000,l1_logistic,rf,14,0.910359172077922,0.8577516233766233,0.0526075487012988
1000,l1_logistic,rf,15,0.9157366071428572,0.8215300324675325,0.09420657467532467
1000,l1_logistic,rf,16,0.9163961038961039,0.8322849025974026,0.08411120129870131
1000,l1_logistic,rf,17,0.9069094967532468,0.8366477272727273,0.07026176948051954
1000,l1_logistic,rf,18,0.90234375,0.8498883928571429,0.052455357142857095
1000,l1_logistic,rf,19,0.8897118506493507,0.8124999999999999,0.07721185064935077
1000,l1_logistic,rf,20,0.9094460227272727,0.8345170454545454,0.07492897727272729
1000,l1_logistic,rf,21,0.9212155032467533,0.8387784090909092,0.0824370941558441
1000,l1_logistic,rf,22,0.9085836038961038,0.8195008116883116,0.08908279220779225
1000,l1_logistic,rf,23,0.8952414772727272,0.8449675324675325,0.05027394480519465
1000,l1_logistic,rf,24,0.9148741883116883,0.7992086038961039,0.11566558441558439
1000,l1_logistic,rf,25,0.9027495941558442,0.8219358766233765,0.08081371753246769
1000,l1_logistic,rf,26,0.9199472402597403,0.8665280032467533,0.05341923701298701
1000,l1_logistic,rf,27,0.9156858766233765,0.8535409902597402,0.062144886363636354
1000,l1_logistic,rf,28,0.9148741883116884,0.8224431818181818,0.09243100649350666
1000,l1_logistic,rf,29,0.9020900974025974,0.8502942370129871,0.05179586038961026
5000,mutual_info,logistic,0,0.9056412337662338,0.8505478896103896,0.055093344155844215
5000,mutual_info,logistic,1,0.9106128246753247,0.8203125000000001,0.09030032467532456
5000,mutual_info,logistic,2,0.9005681818181818,0.8329951298701298,0.06757305194805197
5000,mutual_info,logistic,3,0.9132508116883117,0.8216314935064934,0.09161931818181823
5000,mutual_info,logistic,4,0.9310064935064936,0.8132102272727273,0.11779626623376627
5000,mutual_info,logistic,5,0.9226866883116883,0.8799715909090909,0.04271509740259738
5000,mutual_info,logistic,6,0.9300933441558441,0.8465909090909091,0.08350243506493504
5000,mutual_info,logistic,7,0.9263392857142856,0.8617086038961039,0.06463068181818166
5000,mutual_info,logistic,8,0.9140624999999999,0.8307629870129871,0.08329951298701277
5000,mutual_info,logistic,9,0.9266436688311689,0.8348214285714285,0.0918222402597404
5000,mutual_info,logistic,10,0.9172077922077921,0.8448660714285715,0.07234172077922063
5000,mutual_info,logistic,11,0.924310064935065,0.8115868506493507,0.1127232142857143
5000,mutual_info,logistic,12,0.9199472402597403,0.8317775974025975,0.0881696428571428
5000,mutual_info,logistic,13,0.9157873376623378,0.8322849025974025,0.08350243506493527
5000,mutual_info,logistic,14,0.9090909090909091,0.8704342532467533,0.038656655844155785
5000,mutual_info,logistic,15,0.940036525974026,0.8142248376623376,0.12581168831168843
5000,mutual_info,logistic,16,0.9086850649350648,0.8380681818181818,0.07061688311688308
5000,mutual_info,logistic,17,0.9094967532467533,0.8352272727272728,0.07426948051948046
5000,mutual_info,logistic,18,0.9277597402597403,0.8150365259740261,0.11272321428571419
5000,mutual_info,logistic,19,0.9338474025974025,0.8735795454545454,0.060267857142857095
5000,mutual_info,logistic,20,0.9084821428571428,0.8559253246753247,0.05255681818181812
5000,mutual_info,logistic,21,0.9229910714285714,0.8504464285714287,0.07254464285714268
5000,mutual_info,logistic,22,0.9285714285714286,0.8315746753246753,0.09699675324675328
5000,mutual_info,logistic,23,0.9259334415584416,0.8564326298701299,0.06950081168831168
5000,mutual_info,logistic,24,0.9508928571428572,0.8538961038961038,0.09699675324675339
5000,mutual_info,logistic,25,0.9328327922077922,0.8060064935064934,0.1268262987012988
5000,mutual_info,logistic,26,0.9023944805194806,0.835836038961039,0.0665584415584416
5000,mutual_info,logistic,27,0.9199472402597403,0.8744926948051949,0.045454545454545414
5000,mutual_info,logistic,28,0.940137987012987,0.8559253246753247,0.08421266233766234
5000,mutual_info,logistic,29,0.8947849025974026,0.8707386363636364,0.024046266233766267
5000,mutual_info,rf,0,0.9019379058441558,0.8936181006493508,0.008319805194805019
5000,mutual_info,rf,1,0.9114752435064936,0.883979301948052,0.027495941558441594
5000,mutual_info,rf,2,0.9028510551948051,0.8652597402597403,0.037591314935064846
5000,mutual_info,rf,3,0.8994521103896105,0.8916396103896104,0.007812500000000111
5000,mutual_info,rf,4,0.9100040584415585,0.8598823051948054,0.050121753246753165
5000,mutual_info,rf,5,0.9190340909090909,0.9068080357142857,0.012226055194805241
5000,mutual_info,rf,6,0.9060470779220778,0.8746448863636364,0.03140219155844148
5000,mutual_info,rf,7,0.8981331168831169,0.8798193993506493,0.018313717532467577
5000,mutual_info,rf,8,0.8977272727272727,0.8595271915584415,0.038200081168831224
5000,mutual_info,rf,9,0.9024959415584416,0.8841314935064936,0.018364448051948035
5000,mutual_info,rf,10,0.9016842532467533,0.8673396915584416,0.03434456168831168
5000,mutual_info,rf,11,0.9001116071428572,0.8998072240259741,0.00030438311688307795
5000,mutual_info,rf,12,0.9014306006493508,0.8693181818181819,0.03211241883116889
5000,mutual_info,rf,13,0.9096996753246753,0.896763392857143,0.012936282467532312
5000,mutual_info,rf,14,0.9171063311688311,0.8664772727272727,0.050629058441558406
5000,mutual_info,rf,15,0.8954951298701298,0.890523538961039,0.004971590909090828
5000,mutual_info,rf,16,0.9072646103896104,0.8897625811688311,0.01750202922077926
5000,mutual_info,rf,17,0.9099025974025974,0.8757609577922078,0.03414163961038963
5000,mutual_info,rf,18,0.9113230519480519,0.8740361201298701,0.03728693181818177
5000,mutual_info,rf,19,0.905083198051948,0.8851461038961039,0.019937094155844104
5000,mutual_info,rf,20,0.9049310064935066,0.893262987012987,0.011668019480519543
5000,mutual_info,rf,21,0.9232954545454546,0.8972199675324676,0.02607548701298701
5000,mutual_info,rf,22,0.9107142857142857,0.8772828733766235,0.033431412337662225
5000,mutual_info,rf,23,0.9122362012987013,0.8767248376623377,0.035511363636363646
5000,mutual_info,rf,24,0.9175121753246753,0.8974736201298702,0.02003855519480513
5000,mutual_info,rf,25,0.912692775974026,0.8424310064935066,0.07026176948051943
5000,mutual_info,rf,26,0.8900669642857143,0.8718039772727273,0.01826298701298701
5000,mutual_info,rf,27,0.908685064935065,0.8606939935064934,0.04799107142857151
5000,mutual_info,rf,28,0.8925020292207791,0.8528814935064934,0.0396205357142857
5000,mutual_info,rf,29,0.908887987012987,0.8820515422077921,0.02683644480519487
5000,rf_importance,logistic,0,0.9362824675324676,0.8710430194805195,0.06523944805194803
5000,rf_importance,logistic,1,0.9168019480519481,0.8500405844155845,0.06676136363636365
5000,rf_importance,logistic,2,0.9124391233766235,0.8270089285714286,0.08543019480519487
5000,rf_importance,logistic,3,0.9017857142857143,0.8592735389610389,0.04251217532467544
5000,rf_importance,logistic,4,0.9126420454545454,0.8308644480519481,0.08177759740259727
5000,rf_importance,logistic,5,0.9226866883116884,0.8408076298701298,0.08187905844155863
5000,rf_importance,logistic,6,0.9182224025974026,0.8440543831168831,0.07416801948051954
5000,rf_importance,logistic,7,0.9215706168831169,0.862114448051948,0.05945616883116889
5000,rf_importance,logistic,8,0.9284699675324676,0.8479099025974026,0.08056006493506496
5000,rf_importance,logistic,9,0.9340503246753247,0.8601866883116883,0.07386363636363635
5000,rf_importance,logistic,10,0.9330357142857143,0.8276176948051948,0.10541801948051954
5000,rf_importance,logistic,11,0.9020900974025974,0.8149350649350648,0.08715503246753253
5000,rf_importance,logistic,12,0.9132508116883117,0.869622564935065,0.043628246753246724
5000,rf_importance,logistic,13,0.9006696428571429,0.8553165584415584,0.0453530844155845
5000,rf_importance,logistic,14,0.916091720779221,0.8624188311688311,0.05367288961038985
5000,rf_importance,logistic,15,0.9265422077922079,0.8501420454545455,0.07640016233766234
5000,rf_importance,logistic,16,0.9171063311688312,0.835734577922078,0.08137175324675328
5000,rf_importance,logistic,17,0.9258319805194805,0.8459821428571429,0.07984983766233755
5000,rf_importance,logistic,18,0.9321225649350652,0.838575487012987,0.09354707792207817
5000,rf_importance,logistic,19,0.9283685064935066,0.8393871753246753,0.08898133116883122
5000,rf_importance,logistic,20,0.9177150974025974,0.838676948051948,0.07903814935064934
5000,rf_importance,logistic,21,0.911525974025974,0.8639407467532467,0.04758522727272729
5000,rf_importance,logistic,22,0.9181209415584416,0.8617086038961039,0.056412337662337664
5000,rf_importance,logistic,23,0.9190340909090909,0.8691152597402598,0.04991883116883111
5000,rf_importance,logistic,24,0.9346590909090908,0.862114448051948,0.0725446428571428
5000,rf_importance,logistic,25,0.9159902597402598,0.8733766233766234,0.042613636363636465
5000,rf_importance,logistic,26,0.9055397727272727,0.8228490259740259,0.08269074675324684
5000,rf_importance,logistic,27,0.9208603896103897,0.8372564935064936,0.08360389610389618
5000,rf_importance,logistic,28,0.9065543831168832,0.7997159090909091,0.10683847402597413
5000,rf_importance,logistic,29,0.9378043831168831,0.8630275974025974,0.0747767857142857
5000,rf_importance,rf,0,0.9032061688311688,0.8861607142857143,0.017045454545454475
5000,rf_importance,rf,1,0.891994724025974,0.8680499188311688,0.02394480519480524
5000,rf_importance,rf,2,0.9081777597402597,0.8792613636363636,0.02891639610389607
5000,rf_importance,rf,3,0.9169034090909092,0.8654119318181819,0.05149147727272729
5000,rf_importance,rf,4,0.9102577110389611,0.8864143668831169,0.023843344155844215
5000,rf_importance,rf,5,0.894429788961039,0.8821530032467533,0.012276785714285698
5000,rf_importance,rf,6,0.885247564935065,0.887885551948052,-0.0026379870129870087
5000,rf_importance,rf,7,0.9151785714285714,0.8754058441558442,0.03977272727272718
5000,rf_importance,rf,8,0.9002637987012988,0.875202922077922,0.02506087662337675
5000,rf_importance,rf,9,0.9211647727272727,0.8852982954545455,0.03586647727272718
5000,rf_importance,rf,10,0.9185267857142857,0.8850953733766234,0.033431412337662336
5000,rf_importance,rf,11,0.8909801136363636,0.8674411525974026,0.023538961038961026
5000,rf_importance,rf,12,0.9159902597402598,0.8824573863636364,0.03353287337662347
5000,rf_importance,rf,13,0.8856026785714285,0.880377435064935,0.005225243506493449
5000,rf_importance,rf,14,0.9303977272727273,0.8876318993506493,0.04276582792207795
5000,rf_importance,rf,15,0.9144683441558442,0.8822037337662338,0.03226461038961037
5000,rf_importance,rf,16,0.9185775162337663,0.88671875,0.03185876623376627
5000,rf_importance,rf,17,0.9191862824675325,0.8728185876623377,0.04636769480519487
5000,rf_importance,rf,18,0.925679788961039,0.8996550324675324,0.02602475649350655
5000,rf_importance,rf,19,0.9148234577922078,0.8851461038961039,0.02967735389610382
5000,rf_importance,rf,20,0.9187804383116883,0.8995535714285715,0.01922686688311681
5000,rf_importance,rf,21,0.8922991071428572,0.8403510551948051,0.051948051948052076
5000,rf_importance,rf,22,0.9171063311688311,0.8846895292207793,0.032416801948051854
5000,rf_importance,rf,23,0.912794237012987,0.8972199675324676,0.015574269480519431
5000,rf_importance,rf,24,0.9123883928571429,0.8885957792207791,0.023792613636363757
5000,rf_importance,rf,25,0.9093952922077922,0.877435064935065,0.03196022727272729
5000,rf_importance,rf,26,0.9056412337662337,0.881544237012987,0.024096996753246724
5000,rf_importance,rf,27,0.915432224025974,0.872463474025974,0.04296875
5000,rf_importance,rf,28,0.9037642045454546,0.8807832792207793,0.022980925324675328
5000,rf_importance,rf,29,0.9071124188311688,0.8739346590909092,0.033177759740259605
5000,l1_logistic,logistic,0,0.9249188311688311,0.7347808441558441,0.190137987012987
5000,l1_logistic,logistic,1,0.9133522727272728,0.7861201298701299,0.1272321428571429
5000,l1_logistic,logistic,2,0.9255275974025976,0.71875,0.2067775974025976
5000,l1_logistic,logistic,3,0.9149756493506492,0.765422077922078,0.14955357142857129
5000,l1_logistic,logistic,4,0.9111201298701299,0.7530438311688311,0.1580762987012988
5000,l1_logistic,logistic,5,0.9186282467532467,0.7462459415584416,0.17238230519480513
5000,l1_logistic,logistic,6,0.9224837662337662,0.7252435064935064,0.19724025974025972
5000,l1_logistic,logistic,7,0.927049512987013,0.7843952922077922,0.14265422077922074
5000,l1_logistic,logistic,8,0.9198457792207793,0.7723214285714286,0.14752435064935066
5000,l1_logistic,logistic,9,0.9335430194805195,0.7507102272727273,0.18283279220779225
5000,l1_logistic,logistic,10,0.9151785714285714,0.8052962662337662,0.10988230519480524
5000,l1_logistic,logistic,11,0.9134537337662337,0.7909902597402598,0.1224634740259739
5000,l1_logistic,logistic,12,0.9140625,0.7408685064935066,0.17319399350649345
5000,l1_logistic,logistic,13,0.9182224025974026,0.7086038961038961,0.20961850649350655
5000,l1_logistic,logistic,14,0.9059456168831168,0.7388392857142858,0.167106331168831
5000,l1_logistic,logistic,15,0.9267451298701298,0.7906858766233766,0.13605925324675316
5000,l1_logistic,logistic,16,0.9381087662337664,0.781047077922078,0.15706168831168843
5000,l1_logistic,logistic,17,0.9182224025974026,0.7921063311688312,0.1261160714285714
5000,l1_logistic,logistic,18,0.9140625,0.7809456168831169,0.13311688311688308
5000,l1_logistic,logistic,19,0.9116274350649352,0.7753652597402598,0.13626217532467533
5000,l1_logistic,logistic,20,0.9210633116883119,0.7959618506493508,0.12510146103896114
5000,l1_logistic,logistic,21,0.9109172077922079,0.7859172077922078,0.1250000000000001
5000,l1_logistic,logistic,22,0.9158887987012987,0.7740462662337663,0.14184253246753242
5000,l1_logistic,logistic,23,0.934862012987013,0.7357954545454545,0.19906655844155852
5000,l1_logistic,logistic,24,0.9014813311688312,0.7800324675324676,0.12144886363636365
5000,l1_logistic,logistic,25,0.9056412337662337,0.7684659090909091,0.13717532467532467
5000,l1_logistic,logistic,26,0.9056412337662337,0.7815543831168831,0.12408685064935066
5000,l1_logistic,logistic,27,0.9115259740259741,0.7596387987012987,0.15188717532467544
5000,l1_logistic,logistic,28,0.935064935064935,0.7772930194805194,0.1577719155844156
5000,l1_logistic,logistic,29,0.8910308441558441,0.7647118506493507,0.12631899350649345
5000,l1_logistic,rf,0,0.903814935064935,0.813768262987013,0.09004667207792205
5000,l1_logistic,rf,1,0.9072646103896104,0.8181310876623377,0.08913352272727271
5000,l1_logistic,rf,2,0.9252232142857143,0.8369521103896104,0.08827110389610393
5000,l1_logistic,rf,3,0.9137073863636364,0.8570413961038961,0.056665990259740284
5000,l1_logistic,rf,4,0.9171063311688311,0.821783685064935,0.09532264610389607
5000,l1_logistic,rf,5,0.8886972402597403,0.819145698051948,0.06955154220779225
5000,l1_logistic,rf,6,0.9246651785714286,0.7875405844155844,0.13712459415584421
5000,l1_logistic,rf,7,0.9017349837662337,0.8192978896103896,0.0824370941558441
5000,l1_logistic,rf,8,0.8942268668831168,0.8038250811688311,0.0904017857142857
5000,l1_logistic,rf,9,0.8996550324675324,0.8013900162337662,0.09826501623376627
5000,l1_logistic,rf,10,0.906148538961039,0.824421672077922,0.08172686688311692
5000,l1_logistic,rf,11,0.9067573051948052,0.8467431006493507,0.060014204545454586
5000,l1_logistic,rf,12,0.9073660714285715,0.8198051948051949,0.08756087662337664
5000,l1_logistic,rf,13,0.9172077922077922,0.8192471590909091,0.09796063311688319
5000,l1_logistic,rf,14,0.8994013798701299,0.8342126623376623,0.06518871753246758
5000,l1_logistic,rf,15,0.8857548701298701,0.8389306006493507,0.04682426948051943
5000,l1_logistic,rf,16,0.8905742694805194,0.7987012987012987,0.09187297077922074
5000,l1_logistic,rf,17,0.9006189123376623,0.7675020292207793,0.13311688311688308
5000,l1_logistic,rf,18,0.9133522727272727,0.8317268668831169,0.08162540584415579
5000,l1_logistic,rf,19,0.9042207792207791,0.8363940746753248,0.06782670454545436
5000,l1_logistic,rf,20,0.9117288961038961,0.8206168831168832,0.09111201298701288
5000,l1_logistic,rf,21,0.9085328733766234,0.8013900162337663,0.1071428571428571
5000,l1_logistic,rf,22,0.9096489448051949,0.8235085227272728,0.08614042207792205
5000,l1_logistic,rf,23,0.9154829545454545,0.8250304383116882,0.09045251623376627
5000,l1_logistic,rf,24,0.9130986201298701,0.8273133116883118,0.0857853084415583
5000,l1_logistic,rf,25,0.9172585227272728,0.7911931818181818,0.12606534090909105
5000,l1_logistic,rf,26,0.8812905844155845,0.8035714285714286,0.0777191558441559
5000,l1_logistic,rf,27,0.9045251623376623,0.8136668019480519,0.09085836038961048
5000,l1_logistic,rf,28,0.9001116071428571,0.8244724025974026,0.07563920454545447
5000,l1_logistic,rf,29,0.9196428571428572,0.8192978896103896,0.10034496753246758
10000,mutual_info,logistic,0,0.9246144480519478,0.8295454545454545,0.09506899350649334
10000,mutual_info,logistic,1,0.9147727272727273,0.8396915584415584,0.07508116883116889
10000,mutual_info,logistic,2,0.9200487012987012,0.827922077922078,0.09212662337662325
10000,mutual_info,logistic,3,0.9304991883116884,0.8285308441558442,0.10196834415584421
10000,mutual_info,logistic,4,0.9208603896103896,0.849025974025974,0.07183441558441561
10000,mutual_info,logistic,5,0.9079748376623376,0.7856128246753246,0.12236201298701299
10000,mutual_info,logistic,6,0.926948051948052,0.8156452922077922,0.11130275974025972
10000,mutual_info,logistic,7,0.9160917207792207,0.8187905844155844,0.09730113636363635
10000,mutual_info,logistic,8,0.9168019480519481,0.8270089285714286,0.08979301948051954
10000,mutual_info,logistic,9,0.9105113636363636,0.8342126623376623,0.07629870129870131
10000,mutual_info,logistic,10,0.9149756493506493,0.8387784090909091,0.07619724025974028
10000,mutual_info,logistic,11,0.908786525974026,0.8407061688311689,0.0680803571428571
10000,mutual_info,logistic,12,0.9242086038961038,0.7807426948051949,0.14346590909090895
10000,mutual_info,logistic,13,0.906148538961039,0.8493303571428571,0.05681818181818188
10000,mutual_info,logistic,14,0.9100040584415584,0.8244724025974026,0.08553165584415579
10000,mutual_info,logistic,15,0.9024959415584415,0.8428368506493507,0.05965909090909083
10000,mutual_info,logistic,16,0.9078733766233766,0.8329951298701299,0.07487824675324672
10000,mutual_info,logistic,17,0.9259334415584416,0.8211241883116882,0.10480925324675339
10000,mutual_info,logistic,18,0.9203530844155845,0.8732751623376623,0.04707792207792216
10000,mutual_info,logistic,19,0.9267451298701298,0.8272118506493507,0.09953327922077915
10000,mutual_info,logistic,20,0.9200487012987013,0.8624188311688312,0.05762987012987009
10000,mutual_info,logistic,21,0.9137581168831169,0.8287337662337663,0.08502435064935066
10000,mutual_info,logistic,22,0.9200487012987011,0.8330965909090909,0.08695211038961015
10000,mutual_info,logistic,23,0.9263392857142858,0.8390827922077922,0.08725649350649356
10000,mutual_info,logistic,24,0.9118303571428571,0.8342126623376624,0.07761769480519465
10000,mutual_info,logistic,25,0.9353693181818182,0.8267045454545454,0.10866477272727282
10000,mutual_info,logistic,26,0.9293831168831168,0.8552150974025974,0.07416801948051943
10000,mutual_info,logistic,27,0.9161931818181819,0.8408076298701299,0.07538555194805197
10000,mutual_info,logistic,28,0.9399350649350648,0.8520698051948051,0.08786525974025972
10000,mutual_info,logistic,29,0.9086850649350651,0.8452719155844156,0.06341314935064946
10000,mutual_info,rf,0,0.8972199675324676,0.8928064123376624,0.00441355519480513
10000,mutual_info,rf,1,0.9140117694805195,0.8690645292207793,0.044947240259740284
10000,mutual_info,rf,2,0.9225344967532467,0.8896611201298702,0.03287337662337653
10000,mutual_info,rf,3,0.895799512987013,0.8676440746753247,0.02815543831168832
10000,mutual_info,rf,4,0.9224837662337662,0.8810369318181818,0.04144683441558439
10000,mutual_info,rf,5,0.9003652597402597,0.8887479707792207,0.011617288961038974
10000,mutual_info,rf,6,0.911525974025974,0.8862114448051948,0.02531452922077926
10000,mutual_info,rf,7,0.9091416396103895,0.8848417207792207,0.024299918831168776
10000,mutual_info,rf,8,0.8694703733766234,0.8394379058441559,0.030032467532467466
10000,mutual_info,rf,9,0.9096489448051949,0.8799208603896104,0.0297280844155845
10000,mutual_info,rf,10,0.9018871753246753,0.8750507305194806,0.02683644480519476
10000,mutual_info,rf,11,0.9108157467532468,0.9028003246753247,0.008015422077922163
10000,mutual_info,rf,12,0.9139103084415585,0.8730215097402598,0.04088879870129869
10000,mutual_info,rf,13,0.9035612824675324,0.8728185876623378,0.030742694805194648
10000,mutual_info,rf,14,0.910257711038961,0.8837256493506493,0.02653206168831168
10000,mutual_info,rf,15,0.905083198051948,0.8860592532467532,0.01902394480519487
10000,mutual_info,rf,16,0.9104099025974025,0.8801745129870129,0.03023538961038963
10000,mutual_info,rf,17,0.9026481331168831,0.87794237012987,0.024705762987013102
10000,mutual_info,rf,18,0.9021915584415584,0.8928571428571429,0.0093344155844155
10000,mutual_info,rf,19,0.8994521103896104,0.8559760551948051,0.04347605519480524
10000,mutual_info,rf,20,0.8930093344155845,0.852932224025974,0.04007711038961048
10000,mutual_info,rf,21,0.8939224837662338,0.8656148538961038,0.028307629870130024
10000,mutual_info,rf,22,0.9268973214285714,0.8858563311688312,0.04104099025974017
10000,mutual_info,rf,23,0.8906757305194806,0.8580560064935066,0.03261972402597402
10000,mutual_info,rf,24,0.8921469155844156,0.8868709415584415,0.005275974025974128
10000,mutual_info,rf,25,0.9016335227272726,0.8851461038961039,0.016487418831168665
10000,mutual_info,rf,26,0.8876826298701298,0.8434456168831168,0.04423701298701299
10000,mutual_info,rf,27,0.8926034902597403,0.8570413961038962,0.035562094155844104
10000,mutual_info,rf,28,0.9119318181818181,0.9008218344155845,0.011109983766233622
10000,mutual_info,rf,29,0.9044744318181819,0.907924107142857,-0.0034496753246751055
10000,rf_importance,logistic,0,0.9075689935064934,0.8524756493506493,0.055093344155844104
10000,rf_importance,logistic,1,0.9134537337662338,0.8675933441558442,0.04586038961038963
10000,rf_importance,logistic,2,0.9163961038961039,0.8140219155844156,0.10237418831168832
10000,rf_importance,logistic,3,0.9252232142857143,0.8287337662337663,0.09648944805194803
10000,rf_importance,logistic,4,0.9091923701298701,0.8162540584415584,0.09293831168831168
10000,rf_importance,logistic,5,0.9137581168831168,0.7992086038961039,0.11454951298701288
10000,rf_importance,logistic,6,0.895900974025974,0.8482142857142857,0.04768668831168832
10000,rf_importance,logistic,7,0.9155844155844155,0.8439529220779222,0.07163149350649334
10000,rf_importance,logistic,8,0.9261363636363636,0.8217329545454546,0.10440340909090906
10000,rf_importance,logistic,9,0.9200487012987013,0.8252840909090909,0.09476461038961037
10000,rf_importance,logistic,10,0.9275568181818182,0.8313717532467532,0.09618506493506507
10000,rf_importance,logistic,11,0.9065543831168831,0.8118912337662337,0.09466314935064934
10000,rf_importance,logistic,12,0.9179180194805194,0.8699269480519481,0.047991071428571286
10000,rf_importance,logistic,13,0.9091923701298701,0.8635349025974026,0.045657467532467466
10000,rf_importance,logistic,14,0.9071631493506495,0.872362012987013,0.034801136363636465
10000,rf_importance,logistic,15,0.9212662337662338,0.8574472402597403,0.06381899350649356
10000,rf_importance,logistic,16,0.9301948051948052,0.8653612012987012,0.06483360389610404
10000,rf_importance,logistic,17,0.908887987012987,0.8563311688311689,0.05255681818181812
10000,rf_importance,logistic,18,0.9072646103896104,0.8183847402597402,0.0888798701298702
10000,rf_importance,logistic,19,0.9185267857142856,0.8547077922077921,0.06381899350649345
10000,rf_importance,logistic,20,0.916599025974026,0.8328936688311689,0.0837053571428571
10000,rf_importance,logistic,21,0.9264407467532466,0.848823051948052,0.07761769480519465
10000,rf_importance,logistic,22,0.9124391233766234,0.8287337662337662,0.0837053571428572
10000,rf_importance,logistic,23,0.9295860389610389,0.8704342532467533,0.05915178571428559
10000,rf_importance,logistic,24,0.916801948051948,0.8081371753246753,0.10866477272727271
10000,rf_importance,logistic,25,0.932325487012987,0.8281250000000001,0.1042004870129869
10000,rf_importance,logistic,26,0.9200487012987013,0.8548092532467533,0.06523944805194803
10000,rf_importance,logistic,27,0.9169034090909092,0.8269074675324675,0.0899959415584417
10000,rf_importance,logistic,28,0.9224837662337663,0.8337053571428572,0.08877840909090906
10000,rf_importance,logistic,29,0.9111201298701299,0.8494318181818181,0.06168831168831179
10000,rf_importance,rf,0,0.9096996753246753,0.8803267045454546,0.02937297077922074
10000,rf_importance,rf,1,0.9008218344155844,0.8786018668831169,0.022219967532467466
10000,rf_importance,rf,2,0.9000608766233766,0.8778916396103897,0.022169237012986898
10000,rf_importance,rf,3,0.902445211038961,0.8705357142857143,0.031909496753246724
10000,rf_importance,rf,4,0.9066558441558442,0.8674918831168832,0.039163961038961026
10000,rf_importance,rf,5,0.9069602272727273,0.8992999188311689,0.0076603084415584055
10000,rf_importance,rf,6,0.9017857142857142,0.8649046266233766,0.03688108766233755
10000,rf_importance,rf,7,0.9117288961038962,0.877435064935065,0.034293831168831224
10000,rf_importance,rf,8,0.9050324675324675,0.8826603084415584,0.02237215909090906
10000,rf_importance,rf,9,0.9189833603896104,0.9080255681818181,0.01095779220779225
10000,rf_importance,rf,10,0.910359172077922,0.8835227272727273,0.02683644480519476
10000,rf_importance,rf,11,0.9044744318181819,0.8589184253246753,0.04555600649350655
10000,rf_importance,rf,12,0.9087865259740261,0.8858563311688312,0.02293019480519487
10000,rf_importance,rf,13,0.8984375,0.8632305194805194,0.03520698051948057
10000,rf_importance,rf,14,0.9048802759740259,0.8642451298701299,0.04063514610389596
10000,rf_importance,rf,15,0.9133522727272727,0.8887987012987012,0.024553571428571508
10000,rf_importance,rf,16,0.9223823051948051,0.8918425324675325,0.030539772727272596
10000,rf_importance,rf,17,0.9208603896103896,0.8885957792207791,0.03226461038961048
10000,rf_importance,rf,18,0.8825588474025974,0.869724025974026,0.012834821428571397
10000,rf_importance,rf,19,0.8976258116883117,0.8703327922077922,0.02729301948051943
10000,rf_importance,rf,20,0.9158887987012987,0.8723112824675324,0.04357751623376627
10000,rf_importance,rf,21,0.904981737012987,0.8772321428571428,0.027749594155844215
10000,rf_importance,rf,22,0.9132000811688312,0.9063007305194806,0.006899350649350655
10000,rf_importance,rf,23,0.8931107954545455,0.8495332792207791,0.04357751623376638
10000,rf_importance,rf,24,0.899705762987013,0.8887987012987013,0.010907061688311681
10000,rf_importance,rf,25,0.8989955357142858,0.8620637175324676,0.03693181818181823
10000,rf_importance,rf,26,0.906452922077922,0.8660206980519481,0.040432224025973906
10000,rf_importance,rf,27,0.9105620941558442,0.8869724025974026,0.023589691558441594
10000,rf_importance,rf,28,0.918171672077922,0.9189833603896104,-0.0008116883116883189
10000,rf_importance,rf,29,0.9182224025974026,0.8847909902597402,0.03343141233766245
10000,l1_logistic,logistic,0,0.9357751623376622,0.7322443181818182,0.203530844155844
10000,l1_logistic,logistic,1,0.9177150974025974,0.677049512987013,0.2406655844155844
10000,l1_logistic,logistic,2,0.9126420454545454,0.7563920454545454,0.15625
10000,l1_logistic,logistic,3,0.919135551948052,0.7114448051948051,0.20769074675324684
10000,l1_logistic,logistic,4,0.9257305194805195,0.7190543831168832,0.20667613636363635
10000,l1_logistic,logistic,5,0.9237012987012987,0.7651176948051948,0.15858360389610393
10000,l1_logistic,logistic,6,0.9152800324675325,0.7975852272727273,0.11769480519480524
10000,l1_logistic,logistic,7,0.9139610389610391,0.749797077922078,0.16416396103896114
10000,l1_logistic,logistic,8,0.9209618506493507,0.7629870129870129,0.15797483766233777
10000,l1_logistic,logistic,9,0.8980316558441559,0.7141842532467533,0.18384740259740262
10000,l1_logistic,logistic,10,0.9153814935064934,0.6993709415584416,0.21601055194805185
10000,l1_logistic,logistic,11,0.9084821428571429,0.7491883116883117,0.15929383116883122
10000,l1_logistic,logistic,12,0.911627435064935,0.7027191558441559,0.20890827922077915
10000,l1_logistic,logistic,13,0.9136566558441558,0.6916599025974026,0.22199675324675316
10000,l1_logistic,logistic,14,0.9223823051948051,0.7263595779220778,0.1960227272727273
10000,l1_logistic,logistic,15,0.9003652597402596,0.7501014610389609,0.1502637987012987
10000,l1_logistic,logistic,16,0.9143668831168831,0.7216923701298701,0.192674512987013
10000,l1_logistic,logistic,17,0.9247159090909091,0.7282873376623377,0.1964285714285714
10000,l1_logistic,logistic,18,0.9227881493506495,0.7216923701298701,0.20109577922077937
10000,l1_logistic,logistic,19,0.9252232142857142,0.7559862012987013,0.16923701298701288
10000,l1_logistic,logistic,20,0.9231939935064934,0.7585227272727273,0.16467126623376616
10000,l1_logistic,logistic,21,0.9133522727272727,0.6418425324675325,0.2715097402597402
10000,l1_logistic,logistic,22,0.9330357142857142,0.7443181818181818,0.18871753246753242
10000,l1_logistic,logistic,23,0.9178165584415585,0.8191964285714287,0.0986201298701298
10000,l1_logistic,logistic,24,0.9187297077922079,0.6823254870129871,0.23640422077922074
10000,l1_logistic,logistic,25,0.9266436688311688,0.7017045454545455,0.22493912337662325
10000,l1_logistic,logistic,26,0.9224837662337663,0.7017045454545454,0.22077922077922085
10000,l1_logistic,logistic,27,0.906047077922078,0.7329545454545453,0.17309253246753264
10000,l1_logistic,logistic,28,0.9229910714285714,0.7092126623376623,0.21377840909090906
10000,l1_logistic,logistic,29,0.919135551948052,0.7350852272727272,0.18405032467532478
10000,l1_logistic,rf,0,0.897067775974026,0.81934862012987,0.07771915584415601
10000,l1_logistic,rf,1,0.9073153409090908,0.8072747564935066,0.10004058441558428
10000,l1_logistic,rf,2,0.9023944805194805,0.7802353896103896,0.12215909090909083
10000,l1_logistic,rf,3,0.923143262987013,0.8168120941558441,0.10633116883116889
10000,l1_logistic,rf,4,0.8975243506493508,0.7426948051948052,0.15482954545454553
10000,l1_logistic,rf,5,0.8960531655844156,0.777445211038961,0.11860795454545459
10000,l1_logistic,rf,6,0.9088372564935064,0.7799310064935067,0.12890624999999978
10000,l1_logistic,rf,7,0.8951907467532468,0.807325487012987,0.08786525974025983
10000,l1_logistic,rf,8,0.8902191558441558,0.7939326298701299,0.09628652597402587
10000,l1_logistic,rf,9,0.8938210227272727,0.743455762987013,0.15036525974025972
10000,l1_logistic,rf,10,0.8980823863636365,0.7835328733766233,0.11454951298701321
10000,l1_logistic,rf,11,0.9025466720779222,0.7796266233766234,0.1229200487012988
10000,l1_logistic,rf,12,0.8912844967532467,0.7950994318181818,0.09618506493506496
10000,l1_logistic,rf,13,0.885450487012987,0.793171672077922,0.09227881493506496
10000,l1_logistic,rf,14,0.8998579545454546,0.7424411525974026,0.15741680194805197
10000,l1_logistic,rf,15,0.9080255681818182,0.7911931818181818,0.11683238636363646
10000,l1_logistic,rf,16,0.9070109577922079,0.7827719155844155,0.12423904220779236
10000,l1_logistic,rf,17,0.899908685064935,0.7382305194805195,0.1616781655844155
10000,l1_logistic,rf,18,0.9141132305194806,0.7881493506493507,0.1259638798701299
10000,l1_logistic,rf,19,0.9183745941558441,0.773336038961039,0.14503855519480513
10000,l1_logistic,rf,20,0.8894581980519481,0.802252435064935,0.0872057629870131
10000,l1_logistic,rf,21,0.9007711038961039,0.7931209415584416,0.10765016233766234
10000,l1_logistic,rf,22,0.9046773538961039,0.8018973214285714,0.10278003246753253
10000,l1_logistic,rf,23,0.9108157467532467,0.8078835227272727,0.10293222402597402
10000,l1_logistic,rf,24,0.9052353896103896,0.7461444805194805,0.15909090909090917
10000,l1_logistic,rf,25,0.8953429383116883,0.774807224025974,0.1205357142857143
10000,l1_logistic,rf,26,0.9173092532467533,0.8014914772727273,0.11581777597402598
10000,l1_logistic,rf,27,0.8749492694805194,0.7806919642857143,0.09425730519480513
10000,l1_logistic,rf,28,0.8869724025974026,0.7983969155844156,0.08857548701298701
10000,l1_logistic,rf,29,0.9146712662337663,0.7979910714285714,0.11668019480519487
