dataset,method,classifier,rep,aurc_A_full,aurc_B_full,aurc_C_full,selnb_A_full,selnb_C_full,aurc_A_aggr,aurc_B_aggr,aurc_C_aggr,selnb_A_aggr,selnb_C_aggr
diabetes130,mutual_info,logistic,0,0.07388969437029907,0.09045747056947519,0.0776541797153388,0.003976402543681157,0.004617947634062256,0.07704558280157561,0.09045480132902337,0.08014448071026793,0.0037633299082898346,0.004539989858219406
diabetes130,mutual_info,logistic,1,0.07378353934184066,0.09043484707419387,0.07765252938500541,0.003958124670518075,0.004632011302077764,0.07751582528886695,0.09043983611199334,0.08039335747220105,0.0038051824921640784,0.004457299143187741
diabetes130,mutual_info,logistic,2,0.07375083254570515,0.09057986640618246,0.07767616810360099,0.0039965065254701365,0.004686649793146699,0.0778487490657362,0.09058438741214553,0.08054187124656115,0.0037197885618600953,0.004510544641593892
diabetes130,mutual_info,logistic,3,0.07371332680416567,0.09057043010181128,0.07774679946890166,0.004022222807229068,0.004626529941063905,0.07683769093135663,0.0905744816760784,0.07996392979070285,0.0037908718815370863,0.004435684371944158
diabetes130,mutual_info,logistic,4,0.07396604231837514,0.09064396757372262,0.07777997009258708,0.004007319604288973,0.004624390254570679,0.07786572677670664,0.09064650449961704,0.08067773949190103,0.0037463837183354352,0.004422140303857983
diabetes130,mutual_info,logistic,5,0.07365738953072493,0.09047162370815776,0.07770284794828507,0.0040409563791514,0.0046078668417018215,0.07769215711547342,0.09047506239908638,0.08050465857452907,0.003803101105816941,0.004459826598934139
diabetes130,mutual_info,logistic,6,0.07377304744364134,0.09052020185990353,0.07771913056167062,0.004000926041800802,0.004636237143319369,0.07816241695240415,0.0905221811576419,0.08088021517753508,0.0037166120478637848,0.004446962716940715
diabetes130,mutual_info,logistic,7,0.07368227203960323,0.09054311499512989,0.07770964460120253,0.003984905627713219,0.004681810779979356,0.07747968209052367,0.09054638795083973,0.08055840324687062,0.0037714319105046027,0.004497670233212377
diabetes130,mutual_info,logistic,8,0.07386444063788836,0.09058782325830424,0.07781955602760843,0.004025202979020642,0.004658372982991486,0.0780963704629063,0.09059446963443861,0.08095712859768545,0.003689248074189545,0.004482185780087144
diabetes130,mutual_info,logistic,9,0.07379219946206814,0.09042673529178508,0.0776958424247908,0.003999748785741405,0.004621035192648959,0.07758426243530425,0.09042549533426215,0.08046346576954896,0.0037847888559936612,0.004517923434383935
diabetes130,mutual_info,logistic,10,0.07371777697156495,0.09055883291468572,0.07771935632552146,0.003975469994663456,0.004601532613641579,0.07705495494791748,0.09056091946330633,0.0803660800589741,0.003838007735875978,0.004526770026906739
diabetes130,mutual_info,logistic,11,0.07388581663891451,0.09051712410602561,0.07772568468455437,0.003972074827591523,0.004656612975520631,0.07766886813475557,0.09052299689593846,0.08029831541365645,0.003744666899754081,0.004495174778849229
diabetes130,mutual_info,logistic,12,0.0739463194733187,0.09059336296317969,0.07780200803841855,0.004019014537903633,0.004618872766263537,0.07754416147012193,0.09059563071937803,0.08058746377384608,0.003777938914857124,0.004460526506293569
diabetes130,mutual_info,logistic,13,0.07400563135676608,0.09064562442472066,0.07783325521994859,0.004007134299877637,0.0046101039005776055,0.07784078376004663,0.0906473379835884,0.08047423070099281,0.0037511216979490567,0.0044917198534039846
diabetes130,mutual_info,logistic,14,0.07375614106426312,0.09042513870638215,0.07768068524097198,0.00401249958420264,0.004621710762318951,0.07693978427248982,0.0904290585655826,0.08021152630314565,0.003753253407401016,0.004489745307251199
diabetes130,mutual_info,logistic,15,0.07378527935107584,0.09049997867471571,0.07769856584770704,0.003997637764630553,0.004572315177566138,0.07762720876893126,0.09050616326756483,0.08065287359034365,0.003802548802073751,0.004489149685938126
diabetes130,mutual_info,logistic,16,0.07377239060839386,0.09045863438326324,0.0776248281301217,0.003979771739913669,0.004632029646986065,0.07676151203774745,0.09045817736767187,0.0801017936530102,0.00374557495448906,0.004467831258058739
diabetes130,mutual_info,logistic,17,0.07374402052147787,0.09058055588363914,0.07767605947935047,0.003974391758328167,0.0045936448055181765,0.07738324560177061,0.09058331178539539,0.08036851040678118,0.0036610503230674754,0.004399371189596771
diabetes130,mutual_info,logistic,18,0.07382122543964642,0.0905549398804476,0.07775906972026336,0.0039594319762225,0.004605639651218616,0.07738843085047913,0.09055442761465707,0.08022568494096766,0.0037397102232729126,0.0044419557697766105
diabetes130,mutual_info,logistic,19,0.07371164173328539,0.09065798940108957,0.07783086092918697,0.003986229197047287,0.004668095181806304,0.07776812660472958,0.09066006296146094,0.08052405276727888,0.0037805078451050773,0.004479047091323322
diabetes130,mutual_info,logistic,20,0.07393754160574324,0.0905793050226928,0.07784288654868844,0.00394107126333686,0.004606320737028341,0.07897099439768655,0.09058448136864199,0.08121721973253188,0.0037531421259382395,0.004437655145929452
diabetes130,mutual_info,logistic,21,0.0739507881358027,0.09053734864346066,0.0777613905504635,0.0039624069659697555,0.004663391493051895,0.08061707157298217,0.09053673706907504,0.08132401782828044,0.004076713104219942,0.0045825838422712695
diabetes130,mutual_info,logistic,22,0.07388763234246634,0.0906399389737636,0.07781417514878723,0.003985377902829931,0.004606897270513352,0.07748647283706397,0.09063925434867448,0.08056040524446689,0.0037496508294091713,0.004479268004315617
diabetes130,mutual_info,logistic,23,0.07378377305619616,0.09057688163670842,0.07765045447694907,0.003959276254370002,0.004605555655033682,0.07778331043522232,0.09057920483514456,0.08051118301622329,0.003802751383513331,0.004488901229402673
diabetes130,mutual_info,logistic,24,0.07380880550539926,0.09046437768436139,0.07761840924954481,0.004012819332048697,0.004678931680637845,0.07758474125017781,0.09046826920045181,0.08067818062247832,0.0037829165468881367,0.004523912286643623
diabetes130,mutual_info,logistic,25,0.07386521225425088,0.09080772432099425,0.07796547140300397,0.004025186840582416,0.004640165456531173,0.07764294962437775,0.09081044325036211,0.08075634411621486,0.003805390416218366,0.004466561598194329
diabetes130,mutual_info,logistic,26,0.07374954783950903,0.09060315807430505,0.07768313659713293,0.003967446905495409,0.004662912407393052,0.07767308374316756,0.09060555510160319,0.0803803351322869,0.003726710722063364,0.004475296697344244
diabetes130,mutual_info,logistic,27,0.0738645414277467,0.09060447807208319,0.07779561293081623,0.003994986186653645,0.004631272628757781,0.07842223576930298,0.0906084679900786,0.0809180607739556,0.0037063947289738743,0.004378939545779203
diabetes130,mutual_info,logistic,28,0.0738564437464902,0.0906819157219833,0.07771071816114722,0.003973439296353839,0.004691211420194258,0.0773463255130094,0.0906851852540759,0.08056314388104374,0.0037581583010465685,0.004478503106460108
diabetes130,mutual_info,logistic,29,0.07366631178021793,0.09057650364306602,0.07767171418606367,0.003996554033523124,0.0046420961991493655,0.0772165922776673,0.090583007027318,0.08020218349761496,0.00376785775965567,0.004510502072677231
diabetes130,mutual_info,rf,0,0.07786855214768024,0.09370346412724075,0.08209376637695093,0.0035859964320897404,0.0016275246292323194,0.07053262010218533,0.0906171709023797,0.07636346664489678,0.0038652473931928928,0.0048144833228092754
diabetes130,mutual_info,rf,1,0.07739238296644317,0.09380628589456438,0.08171428601426707,0.003544349716313117,0.0016424405593765139,0.07075452353532498,0.09059832268688174,0.0762539857423972,0.0038810615225818752,0.004786593957494556
diabetes130,mutual_info,rf,2,0.07822975185225245,0.0936382348557902,0.08188600298071361,0.0034134687421393563,0.00163532162720716,0.07216187402223345,0.09067312916657891,0.07717240946173012,0.00386691047117221,0.004716744205875371
diabetes130,mutual_info,rf,3,0.07848318112754366,0.09342333049123505,0.08233985886956227,0.0033618912229998474,0.0015139758028363285,0.07147899840594212,0.09076513096902962,0.07635447715071211,0.0036538374955856086,0.004739164214083139
diabetes130,mutual_info,rf,4,0.07855612475752677,0.0940825385111686,0.08270758583651487,0.0032808132906775216,0.001238402314826682,0.0717028954350186,0.09050644970506379,0.07678317684817379,0.003809112816101014,0.004739175383883958
diabetes130,mutual_info,rf,5,0.07852228181639449,0.09356385867372657,0.08217065731277345,0.0033207333781344584,0.0015195125494196,0.0704348977315485,0.0904530836686114,0.07633379573674208,0.0038330197345748554,0.004851152261265458
diabetes130,mutual_info,rf,6,0.0785787493241411,0.09376931415196793,0.08226771741326419,0.003276075222699448,0.0014086073246010944,0.07090789243864533,0.09071363402286603,0.0761387180020669,0.0037020719846605015,0.004781354030894292
diabetes130,mutual_info,rf,7,0.07789150545647042,0.09407917569224675,0.08228715322026858,0.003457799934911289,0.001449892533077072,0.07103530362534871,0.09061651493588575,0.07645543121183102,0.0037739940601916036,0.004802732573751273
diabetes130,mutual_info,rf,8,0.07851324713778932,0.09386234581320899,0.08259103264511768,0.0033500663239146716,0.0014329708171575445,0.07045976604277063,0.09061785758868107,0.07637684687380286,0.0037331171974861474,0.004838629847466812
diabetes130,mutual_info,rf,9,0.07913470308746443,0.09354556948077494,0.08276616314431208,0.00331937302116451,0.0013633289991384352,0.07151789985055451,0.09056970672342304,0.07607047959939779,0.0038006819763745413,0.0047172862526895214
diabetes130,mutual_info,rf,10,0.0783601716981089,0.0937514847403926,0.082070753545579,0.0032497694284681134,0.001648786739908932,0.0705461057417149,0.09062726955825232,0.07631495222546493,0.0038266541264328296,0.0048973911757036566
diabetes130,mutual_info,rf,11,0.0773158314959941,0.09386374486736299,0.08143517363033162,0.0034721446076675165,0.001697449531493796,0.07210501744696338,0.0906936908640105,0.07704289859447361,0.003683404382652777,0.004720821366556161
diabetes130,mutual_info,rf,12,0.07843733147073104,0.09434755560615964,0.08263006721616953,0.003252335454979788,0.00118038716638922,0.07059720568687616,0.09064897344480417,0.0763821941696067,0.003825998285711583,0.004767878058970579
diabetes130,mutual_info,rf,13,0.07873986237161114,0.09391213283859136,0.08278292746499019,0.0033958208089134943,0.001383917684211688,0.07205630370132654,0.09060237116630936,0.07644433029037132,0.0038048931705678495,0.004705719306240436
diabetes130,mutual_info,rf,14,0.07897134357952487,0.09350090398592309,0.08252550656217768,0.0032164457231443266,0.0012902326776146962,0.07219395280555821,0.09063242794591388,0.0766178104868577,0.003756824277588585,0.004759152489348807
diabetes130,mutual_info,rf,15,0.07851462677649493,0.0933279513551318,0.08211952512958863,0.0033663659189323365,0.001658718550644408,0.0710821193567211,0.09061223900647379,0.07598958396993462,0.0038557030629053027,0.004746475022575671
diabetes130,mutual_info,rf,16,0.07853274850142947,0.09381139269706232,0.08232095615055401,0.00338085625256898,0.0013057985909403714,0.07318887950249645,0.09057297547159653,0.07743675370749126,0.003798536594927958,0.004680019931178214
diabetes130,mutual_info,rf,17,0.07835106197783887,0.09355786553269871,0.08206821680723758,0.003419372812415434,0.001538905306179815,0.07050280580106125,0.0906560837605696,0.07635487399623561,0.0038455343879283594,0.004904525853303636
diabetes130,mutual_info,rf,18,0.07808869224178655,0.09365489772597407,0.082031533297123,0.003369771385632537,0.0015342665913432086,0.07226653046274475,0.09053652349726568,0.07723750437243357,0.0037764177989289965,0.004535104803763436
diabetes130,mutual_info,rf,19,0.07889958518573527,0.09446547660219745,0.08249859059469047,0.003277442922150446,0.0013992076903417347,0.07107429363855508,0.09076747669246367,0.07654527337843885,0.003756965334829516,0.004787774247868858
diabetes130,mutual_info,rf,20,0.07876410519324496,0.09398393565237936,0.08236377542068701,0.0032924551036133238,0.0016385422889149488,0.07086585120886496,0.09063847773996177,0.07652247665954952,0.0038366070370967984,0.004821167670151965
diabetes130,mutual_info,rf,21,0.07794243964496064,0.09364840128979801,0.08211086262253771,0.00346801328915282,0.0014650139555627431,0.07059878208066658,0.09061389031367753,0.0762602614318087,0.003767265044881191,0.004796697416396728
diabetes130,mutual_info,rf,22,0.07803762863091748,0.09389035486525207,0.08215475249090418,0.0033182312265716656,0.001526967605048906,0.07106422595015442,0.09058869119566484,0.07648245783587884,0.0037628834006531156,0.004701148465424998
diabetes130,mutual_info,rf,23,0.07823582985050517,0.0938080676684662,0.08200807428804315,0.0033810670895102,0.0015715938425733852,0.07069742405905505,0.09053909544673706,0.07629743483774037,0.0037815130476544327,0.004910956305783986
diabetes130,mutual_info,rf,24,0.07829358436580787,0.09307213907585278,0.0818829720208402,0.0033619053272602784,0.0015534024169602824,0.07083200896149805,0.09038633893000028,0.0762996847819761,0.0038368961305961804,0.0048040900865314404
diabetes130,mutual_info,rf,25,0.07872963417059511,0.0939119394860925,0.08247234210142368,0.003178075711700511,0.001458295527996756,0.07073066855232923,0.09057556101697165,0.07636145359114167,0.0038096894411878295,0.00482021961523681
diabetes130,mutual_info,rf,26,0.07810133685517068,0.09394036537177225,0.08212029555628753,0.003304955540722699,0.0015113675240410183,0.07270602481008775,0.09066438412027182,0.07691502195619737,0.0037795586207802385,0.0046467648202434125
diabetes130,mutual_info,rf,27,0.07921360933219314,0.09405878070271584,0.08310297558698876,0.003362059977949426,0.0013359263331584386,0.07074917105554523,0.0906805744202707,0.07621628176931941,0.0036875041516388294,0.004697307961513075
diabetes130,mutual_info,rf,28,0.07834343006126726,0.09336769083119081,0.08219901434271537,0.0032208661627566577,0.001582504595341576,0.07284131978550322,0.0905015994188278,0.07714552063786863,0.003791195394262874,0.004580510389954776
diabetes130,mutual_info,rf,29,0.07808211732410823,0.09427712338568459,0.0824418355618983,0.003356904643018092,0.0013709490836361017,0.07143789354952057,0.09081018942437954,0.07664740153032526,0.0037433876825016124,0.004687146098429579
diabetes130,rf_importance,logistic,0,0.07375495512257843,0.09059031756063934,0.07774151080290086,0.003970729364524145,0.004674270420195773,0.09380915396002959,0.09058053363488465,0.086138720119854,0.005544244050542833,0.005048328275199976
diabetes130,rf_importance,logistic,1,0.07371671813123895,0.0905008766583208,0.07766931037844543,0.004032604821360103,0.004647116514211927,0.0936763403906668,0.09049116176286773,0.08610387762353333,0.0055065847769310726,0.0050695755434383505
diabetes130,rf_importance,logistic,2,0.07380384537042495,0.0905230847447837,0.07779258125871132,0.004003253912105448,0.004595783174115961,0.09390551607050718,0.09051559828767472,0.08612441297597295,0.0055165495854038946,0.005077125850937718
diabetes130,rf_importance,logistic,3,0.07378176319451722,0.09054011046244972,0.07768155622656654,0.004039130205951918,0.004630637511172311,0.09374703858748502,0.09052884997995175,0.08614551146421377,0.005542075970783844,0.005106588756203116
diabetes130,rf_importance,logistic,4,0.07382464003757407,0.09056978948907848,0.0777007340565261,0.0039588355364044555,0.004582937192596389,0.09387806932311712,0.09056007272246974,0.08617795362643682,0.005529802379100807,0.005117400030246302
diabetes130,rf_importance,logistic,5,0.07386891103427771,0.09053373227719311,0.07779910028843395,0.004005226043787014,0.004606737163731989,0.09371163122834872,0.09052352745306469,0.08615608561802399,0.005518181418458426,0.005072216762695218
diabetes130,rf_importance,logistic,6,0.07378501624316433,0.09047659664022023,0.07764949813553737,0.003993959017885882,0.004563414277610205,0.09374398552736085,0.09046788743096362,0.08611162450744644,0.005523995117486018,0.005072342821768042
diabetes130,rf_importance,logistic,7,0.07376799566122491,0.09069236192358879,0.07781166726695243,0.003954097871747253,0.004582491553839264,0.09393262921798365,0.09067756701654166,0.08634069633983998,0.005530801199896552,0.005098281597255794
diabetes130,rf_importance,logistic,8,0.07397445720663814,0.09047394750298168,0.07767376064130864,0.0040559945173774875,0.004641727535561639,0.0937842968880657,0.09046167572970158,0.08611670011074865,0.005530985636882364,0.005078657910455758
diabetes130,rf_importance,logistic,9,0.07391291672899879,0.09054869916262552,0.0777205432081524,0.003998011814462141,0.004673230629055843,0.09373705982088427,0.09053915970124787,0.08615413999448401,0.005555366571508319,0.005069323717707225
diabetes130,rf_importance,logistic,10,0.0739089044433509,0.09046992834900638,0.07770026381865955,0.004003039834171564,0.0046425069962677075,0.09381767386951409,0.09046269002873517,0.08611552026436832,0.005512963742111304,0.005074338340505042
diabetes130,rf_importance,logistic,11,0.07376735083041051,0.09060668211991482,0.07774319747996333,0.0039569513057555435,0.004648378282500689,0.09380501054506449,0.09059980235925835,0.0861530303265419,0.00553378233511045,0.005103410748970492
diabetes130,rf_importance,logistic,12,0.07392251955174688,0.09053235488692452,0.07779670671615015,0.003961246298636531,0.004585796566119165,0.09376411648891553,0.09052198856450316,0.08612427094619006,0.005547935855693755,0.005040771299072695
diabetes130,rf_importance,logistic,13,0.0738173774833982,0.09052263492182293,0.07780394380354015,0.0040337631531240535,0.004593350861636415,0.09383674663306507,0.09051724707397338,0.08623947069299272,0.005527773470075712,0.005025017527686341
diabetes130,rf_importance,logistic,14,0.07366811334876654,0.0904610235464212,0.07761229329031126,0.004033935176213765,0.004571795429665621,0.09379438065090631,0.0904498631983503,0.0860279622541929,0.005516380986497197,0.005057038516090445
diabetes130,rf_importance,logistic,15,0.0738219128763454,0.09044765038129908,0.07763446334135632,0.003964415622344383,0.004622552698200615,0.09393626169372153,0.09043975881276203,0.08617111077327486,0.00555295765076564,0.005055721071579901
diabetes130,rf_importance,logistic,16,0.0737249262043526,0.09071649580264346,0.07775485695307258,0.004002484327433582,0.0046487941268018975,0.09371451822394035,0.09070827820844889,0.08617692399609779,0.005528050687550785,0.005103691979690463
diabetes130,rf_importance,logistic,17,0.0737493095582781,0.09053601918061557,0.07761512051374056,0.004008994355657443,0.004693486899734295,0.0938078202334882,0.09052612451143059,0.08607985972019364,0.005546395372592308,0.005051219328475069
diabetes130,rf_importance,logistic,18,0.0739076719587194,0.090478280997602,0.07766304579115635,0.00396010419685041,0.004590005715216933,0.09374772476120855,0.09046823398763329,0.08604309385327166,0.005498734403110561,0.005067367137562364
diabetes130,rf_importance,logistic,19,0.07400925780280956,0.09062733995066463,0.07787214645148816,0.003955384493066328,0.004546333674192256,0.09381117426104155,0.09061781635244368,0.08616332517372205,0.005503152614096466,0.005026220637104153
diabetes130,rf_importance,logistic,20,0.07378917864822841,0.09051036783462336,0.07774256336298743,0.003965812126013273,0.0046399864953998475,0.09389504943264064,0.09049930362876858,0.08616577837723365,0.005553894856324573,0.0050855547299666235
diabetes130,rf_importance,logistic,21,0.07379987598622062,0.09045524473888181,0.07768098637018114,0.00400112952208912,0.004646983871184222,0.0936781829157656,0.09044538254231292,0.08608813742713861,0.005540570637999915,0.005104861882808709
diabetes130,rf_importance,logistic,22,0.07382207783563952,0.09040645612531362,0.07768176763550452,0.003972810627908464,0.004636141740689909,0.09375950538640576,0.09039679067919747,0.08608978042355722,0.005550074200736472,0.0050752268136149345
diabetes130,rf_importance,logistic,23,0.07377844963693875,0.09041482245093176,0.07774296768617076,0.003963788090260431,0.004607916771560622,0.09372345145732588,0.09040374106018347,0.0861158056249017,0.005549342277119089,0.005070961990984736
diabetes130,rf_importance,logistic,24,0.07376739854997819,0.09042686225577655,0.07765437796789632,0.004016545499262506,0.004657859109098942,0.09382154129929335,0.09041659172736721,0.08612727756420854,0.005561645705699554,0.005034216817969435
diabetes130,rf_importance,logistic,25,0.07379244368218156,0.09065043531157554,0.07779143509849096,0.0039834738361666875,0.004649118897616948,0.09370102182478508,0.09064419061454279,0.08628932988948326,0.005524835148765998,0.005042092597818962
diabetes130,rf_importance,logistic,26,0.07374170392694744,0.09049948112605949,0.07764169097755565,0.003956005258183754,0.004595718614203052,0.09385612662679466,0.09049286306418167,0.08614136930045119,0.0055374032265394025,0.005106742221682566
diabetes130,rf_importance,logistic,27,0.07371209552230251,0.09055486249744482,0.0777286465690992,0.003997185373275852,0.00463830787413291,0.09370099355277903,0.09054549107607426,0.08613365312205919,0.005518094155751564,0.005034579308780287
diabetes130,rf_importance,logistic,28,0.07373565239589772,0.0905618549068039,0.07766439161939463,0.003980805164742184,0.0046279773956122,0.09373536425885359,0.09055291916998842,0.08616275586098054,0.00556492153136613,0.005118660732444893
diabetes130,rf_importance,logistic,29,0.07385176633702822,0.09041204467158911,0.07771043050224057,0.003990301816767729,0.004645151039934965,0.09395028801781025,0.09040173638126331,0.0860929027235833,0.005553395088292657,0.005093771595275149
diabetes130,rf_importance,rf,0,0.07875350582900903,0.09417150643373365,0.08239446758558341,0.003056396042333978,0.0014108094310495566,0.10742899328284322,0.11193086930850747,0.09900084317985686,0.0011416547422856296,-0.010559927565130174
diabetes130,rf_importance,rf,1,0.07842470103969605,0.09385003026838301,0.08220957341330959,0.0034951813925935046,0.0015781014369014123,0.10746939964458055,0.11200229365523057,0.09892466693507945,0.0012897948137002835,-0.01020270685468616
diabetes130,rf_importance,rf,2,0.07815635880638978,0.09411081798698734,0.0822273325953067,0.003178308592875627,0.0014965342941605068,0.10868657385230834,0.11334799910563537,0.10014581519566317,0.0011719560985849534,-0.010634420551429201
diabetes130,rf_importance,rf,3,0.07819286572560696,0.09406517936327707,0.08233013255147859,0.0033591955613266624,0.001473099486820553,0.10729178444450677,0.11221000027258456,0.09965581176484672,0.0012786232090759232,-0.010376376024933574
diabetes130,rf_importance,rf,4,0.07824958808184447,0.09387756424034824,0.0821905582142913,0.0032343266875423738,0.001514174781658878,0.10808249768366376,0.11387104887894817,0.10036350024072105,0.0008176140659188344,-0.010980775154077227
diabetes130,rf_importance,rf,5,0.07854930803310042,0.09366826003774205,0.08235165118406335,0.0034149893813501166,0.001423360037312923,0.10857103277313512,0.11246432938875534,0.09949254390832818,0.0013102885709654847,-0.010637811003997997
diabetes130,rf_importance,rf,6,0.079345809860246,0.09400361479142788,0.08285350930391236,0.0032864598833926657,0.0013380182196335573,0.10759108691005462,0.11280406522010816,0.09963870093398791,0.0012967750249848252,-0.010647200764452188
diabetes130,rf_importance,rf,7,0.07818694357570394,0.09383317639370736,0.08189076412744789,0.003456968247550129,0.001678601043360033,0.10878171338057693,0.11326142043875073,0.10009840421187206,0.0011887121218740547,-0.01082763031139704
diabetes130,rf_importance,rf,8,0.0777635174829254,0.093501886841351,0.08172612695639117,0.0032010775568556476,0.001645650019710931,0.10963375949249404,0.11356769285742252,0.10069475038567552,0.0011311910246745698,-0.010716343963083986
diabetes130,rf_importance,rf,9,0.0792414347567011,0.0936021629135095,0.08281423416099806,0.0032045861607004236,0.0013812989892653619,0.10773624193507667,0.11305352347627273,0.0992175622676447,0.0011860816107825375,-0.010413245937590628
diabetes130,rf_importance,rf,10,0.07758968684993522,0.09352308639873902,0.08169298456159185,0.003321350912094839,0.001738245749687002,0.10881112786258404,0.11238760118144189,0.09949673159286927,0.0012179207375973308,-0.010444268554961481
diabetes130,rf_importance,rf,11,0.07761804416610465,0.09397715135231505,0.08217825604097567,0.0034044370489524647,0.001653880462788777,0.1081504280477526,0.11303555059611085,0.09972915245348402,0.0013300374330901543,-0.010864994784152376
diabetes130,rf_importance,rf,12,0.07887754855273615,0.09338378735450095,0.08243552356705852,0.0034467243313679443,0.0013829625263589236,0.10819892894344309,0.11248326477209525,0.09961144360275442,0.0010452351876341578,-0.0105742446359148
diabetes130,rf_importance,rf,13,0.07914752224668851,0.09397997022490848,0.08303282873149057,0.0032717047061925114,0.0012237757116309149,0.10823302104581434,0.11327157993433741,0.09961088799863496,0.0009950373766841034,-0.010829852449449397
diabetes130,rf_importance,rf,14,0.07866489210658859,0.09347991630507839,0.08212672204731232,0.003301434263916697,0.0014441720711949532,0.10883388519998625,0.11317317531046782,0.10000216433568525,0.0010993344610165593,-0.010958113114499648
diabetes130,rf_importance,rf,15,0.07747956952696634,0.0936048576670421,0.08166875017169535,0.0033731098386679814,0.0016673218544270738,0.10744527297151416,0.11208117850583392,0.09951668099637116,0.0011425520522763161,-0.01038619571695661
diabetes130,rf_importance,rf,16,0.07890388916770677,0.09388400613391662,0.08234735085143857,0.0033479408222216083,0.0015041067448578918,0.1078502295772267,0.11284612939615207,0.09914743895942914,0.0012296629589646302,-0.010464578815030207
diabetes130,rf_importance,rf,17,0.07872461502833938,0.09377975458267793,0.08253571302190249,0.0034138584336850723,0.0016003463938262942,0.10917416502293265,0.11359831897572911,0.10045685756559547,0.0008698487522611611,-0.011119133889314374
diabetes130,rf_importance,rf,18,0.07792276184589254,0.09347104935815656,0.08168592833152619,0.00348932520271886,0.0018646448022245476,0.10806048616216628,0.11315763847538782,0.09980175675585479,0.0012863000551871456,-0.010628778675536993
diabetes130,rf_importance,rf,19,0.07854265812721839,0.09358985307443843,0.0824006977741709,0.0034666153377315447,0.0013196474972042183,0.10845861557087871,0.1127745391316636,0.09966719834129609,0.0011942311332082116,-0.010539234417685001
diabetes130,rf_importance,rf,20,0.07810213871648844,0.09361500863295225,0.08198046430918106,0.003400391571794259,0.0015089082474415434,0.10814908536650472,0.11355896565430362,0.09986088715025537,0.0013661252566122002,-0.010869081312995355
diabetes130,rf_importance,rf,21,0.07838436162437182,0.09410589368120888,0.08241648856771844,0.0033726831039339825,0.001442453807773345,0.10941910978132466,0.11376531020269044,0.10022450451530657,0.0011177313150861085,-0.010679899416416404
diabetes130,rf_importance,rf,22,0.07808690347294718,0.09384371638248717,0.08213212096290864,0.003409831787175074,0.0015083490660328836,0.10970853612337288,0.11408951413736595,0.10059751587807696,0.0009085092143779515,-0.010958952962729921
diabetes130,rf_importance,rf,23,0.07811891681686081,0.09386874339406717,0.08222407317124841,0.0034292793145215632,0.0015817491661180023,0.10877297713213366,0.11396320718304598,0.10023237378639552,0.0013004631675989661,-0.01081294332564286
diabetes130,rf_importance,rf,24,0.07854279950246089,0.09416012434953663,0.08244130086621762,0.00327155189275217,0.0012524265274895833,0.10897533753056356,0.11364692474441683,0.10015052165995918,0.0011500192211418702,-0.010966626992988567
diabetes130,rf_importance,rf,25,0.07978980637891514,0.09360487259113164,0.08307650930239166,0.0031907718492541703,0.0013205381061913658,0.10857629337274505,0.11223539794846131,0.09917691731378815,0.0012227815319637138,-0.010409373705579159
diabetes130,rf_importance,rf,26,0.07800258498148015,0.09365365675321248,0.08229903782765456,0.003430983528791999,0.001483557288956293,0.10825628808930868,0.1120646384981644,0.0994774280655943,0.0012835511828669466,-0.010536999001937138
diabetes130,rf_importance,rf,27,0.0783173838383629,0.09383349021230714,0.08213425274896062,0.0032098524439929284,0.0013644839910619676,0.10804092817202342,0.1128515734113314,0.09938025034430856,0.0012198121246253164,-0.01078559649225202
diabetes130,rf_importance,rf,28,0.07786253669776924,0.09426001403856854,0.08193043738079367,0.003358203977048753,0.0015508473389964682,0.10802733661396041,0.11292128917692297,0.0994699527987591,0.0012497897868324083,-0.010584142115430722
diabetes130,rf_importance,rf,29,0.07894948848308142,0.093893092244624,0.0822784575960373,0.0033475949553422044,0.0015655025504540704,0.10736895269845076,0.11190453969184314,0.09929536565084107,0.0010967854810773063,-0.010798593008063104
diabetes130,l1_logistic,logistic,0,0.07398993051843251,0.09057887361902783,0.07783326921937939,0.003955797517710116,0.004627697767913457,0.0750953179454123,0.09058388542558615,0.07871480863286107,0.003852402045238096,0.004612257767641632
diabetes130,l1_logistic,logistic,1,0.07385779260516204,0.09056338158918205,0.07774858891018742,0.003979018521052599,0.0046005975535345495,0.07610228244842275,0.09056595661047992,0.07936810483508148,0.0038007994960692786,0.004591354379612586
diabetes130,l1_logistic,logistic,2,0.0739301944030479,0.09053626886101893,0.07766050008801391,0.003948206500444117,0.004624508363739621,0.07522525529187749,0.09053985602843312,0.0785763951916659,0.003834492141013545,0.004591329687263366
diabetes130,l1_logistic,logistic,3,0.07382854341564418,0.09060112407235409,0.07767390674219025,0.003993141130722044,0.004652446523312374,0.07614471086396277,0.0906063404526509,0.07925056731801297,0.00373209171309171,0.004577056806818264
diabetes130,l1_logistic,logistic,4,0.07376560683470258,0.0906758329306811,0.07780552873588961,0.003965833502656451,0.00464282259221134,0.075084307943265,0.09067925409484828,0.0787406745180308,0.00379429457071884,0.004567340227615405
diabetes130,l1_logistic,logistic,5,0.07391613886442097,0.09058351833638252,0.07782445846697353,0.00401456516166528,0.004631385527230853,0.07512195596464949,0.09058697980859223,0.07871553051979802,0.0037785043415801516,0.004560699429164977
diabetes130,l1_logistic,logistic,6,0.07370269192999399,0.09051143877387305,0.07772753205817673,0.0039878186748985335,0.0045769971106656955,0.07569548592103008,0.09051501829339771,0.07917501231873308,0.003832909048370222,0.0045301236894610235
diabetes130,l1_logistic,logistic,7,0.07375438102551142,0.0903806352307097,0.07762589548244408,0.003969819245384393,0.004619442636024233,0.07596638428699796,0.09038260275275069,0.07888530094383304,0.0038603156399992906,0.004580821391852601
diabetes130,l1_logistic,logistic,8,0.07385159878026258,0.09069493017705149,0.0778270717743654,0.003995943945222157,0.0046631681925829475,0.07575471183912376,0.09069608024345482,0.07911508762708121,0.003869864235430841,0.004583099912623334
diabetes130,l1_logistic,logistic,9,0.07372789244813355,0.09066966708241757,0.07772630427187878,0.00400098533829425,0.004608772246829392,0.07508817226281546,0.09067371426756353,0.07872116618695779,0.0038462633225519287,0.004646388928505242
diabetes130,l1_logistic,logistic,10,0.07384111253037255,0.09045314754265656,0.07769147586439237,0.003956972680170122,0.004669651335458584,0.07515173819121224,0.09045723806606148,0.07854656843725309,0.003783691319788678,0.0046279291739833705
diabetes130,l1_logistic,logistic,11,0.07378441779419814,0.09038197948186202,0.07762875152818954,0.003970739570270993,0.0046140096773614955,0.0751391231323078,0.09038444398782533,0.0785740095901766,0.0038292091709080114,0.0045390887867518106
diabetes130,l1_logistic,logistic,12,0.0738260392536447,0.0904468814407697,0.07766076907473687,0.0040182467487006445,0.004606496733245825,0.07505278289221547,0.09045154440213438,0.07858082072216904,0.003774994535664616,0.004569442055325536
diabetes130,l1_logistic,logistic,13,0.07379720421640898,0.09064080036419403,0.07769115670148197,0.0040448769679096545,0.0046972228445528895,0.07508268464483589,0.09064427392754396,0.07865405876899459,0.0037864040834961117,0.004645749601970263
diabetes130,l1_logistic,logistic,14,0.07379111949318298,0.09058669298560071,0.07779512525908194,0.004009028242193525,0.004644078688348978,0.07616647717374952,0.09059032866420064,0.0792272232076641,0.0037723013031552045,0.004559205592467589
diabetes130,l1_logistic,logistic,15,0.07390158785582335,0.090534538040769,0.07782118792014138,0.004020597390805675,0.004631129784685719,0.07511923636804783,0.09054017940998245,0.07868419507666932,0.003782336339276523,0.004577303670819901
diabetes130,l1_logistic,logistic,16,0.07388290757207105,0.09043747147860808,0.0778144076126702,0.003985223603100658,0.004594500764318755,0.07517472503522879,0.09044208949287588,0.07867710531162803,0.003809864876816115,0.004571685851805909
diabetes130,l1_logistic,logistic,17,0.07370067438165438,0.09059650156695351,0.07779109104307445,0.0039998607470933005,0.004589894063459718,0.07592193098292521,0.09059755925143803,0.07936382160001504,0.0037550522566686343,0.004524523544645979
diabetes130,l1_logistic,logistic,18,0.07378386755716909,0.09051194663674944,0.07772914556898745,0.003988095329262953,0.004605937073739919,0.07507908876137327,0.09051443501321316,0.07870694269407613,0.0037997886762864085,0.004592364282616568
diabetes130,l1_logistic,logistic,19,0.07375355585268645,0.09055349182053013,0.0776759613892502,0.003930854920237983,0.00466974869906088,0.0750903222978084,0.0905564418900841,0.07863910320023074,0.0038422349764664675,0.004670373129252232
diabetes130,l1_logistic,logistic,20,0.07368423580185544,0.09047850506917421,0.07770688783814342,0.004007405167523757,0.004670278074694171,0.07511984912173196,0.09048056439579771,0.0787774760787366,0.0038023885882061638,0.004593316052859414
diabetes130,l1_logistic,logistic,21,0.07377713380710588,0.09044132867118378,0.07768139205520777,0.003921632699830293,0.004598900239673391,0.07512025120243973,0.09043986042020857,0.07859148845558805,0.003784936294988203,0.004549267809588035
diabetes130,l1_logistic,logistic,22,0.07376487681091044,0.09058532136198516,0.07773311201310756,0.004001750018270649,0.004613713805028573,0.07592657324189668,0.09058980518295931,0.07938418280497914,0.0038080084641789374,0.004486563613010211
diabetes130,l1_logistic,logistic,23,0.07399107496998501,0.09045779336573181,0.07770619768884565,0.0039884460464121,0.004603195063886955,0.07528295085816797,0.09046046026361323,0.07865659851317097,0.0038627445736511543,0.004594276874492857
diabetes130,l1_logistic,logistic,24,0.07378193720849804,0.09058144263670422,0.07777305387744081,0.003984988601040145,0.004689318224846002,0.07591567397144382,0.09058533995523586,0.07902053543167847,0.0038305378762658743,0.004662390720372449
diabetes130,l1_logistic,logistic,25,0.07394273830481468,0.09053377883821856,0.07777834369057174,0.0040464794749725365,0.004680619775012109,0.07513824033550279,0.09053685112611765,0.0786345430540107,0.0038267819743357918,0.004621305216237543
diabetes130,l1_logistic,logistic,26,0.0738186088053104,0.09050296485847155,0.07769821510089922,0.004009377591151483,0.004622369297735357,0.07570798650511573,0.09050602403179778,0.07899343806648891,0.003870316197279256,0.00454136059394232
diabetes130,l1_logistic,logistic,27,0.07376625539815239,0.09070747360823746,0.07778260289178143,0.004018326485380963,0.004661093269387348,0.07511091788547672,0.09071304131185046,0.07870898370090833,0.003774559170955327,0.004633981009851761
diabetes130,l1_logistic,logistic,28,0.07383927073365237,0.09046885331576805,0.07775952751035353,0.003900552283331593,0.004639132208266142,0.07521320740366393,0.09047040236229886,0.07861346246178377,0.0037946188791093266,0.004572472094323268
diabetes130,l1_logistic,logistic,29,0.0736724886801064,0.09048291152724887,0.0777043351241205,0.004019469827938261,0.004644937357416471,0.07509947501507605,0.0904868924716861,0.07867934792493206,0.003791374306279049,0.004592155700735832
diabetes130,l1_logistic,rf,0,0.07846380455483248,0.09383739702903265,0.08235059653878275,0.003539766425525056,0.001353920421856267,0.0728711646161443,0.09089553286844085,0.07586462373028899,0.0037951877426626833,0.004603633862427047
diabetes130,l1_logistic,rf,1,0.07906107692349224,0.09388211434850008,0.08280379847665725,0.0035501795541087538,0.001408299836055868,0.07301780761300428,0.09102590604753526,0.07600226529908817,0.003722389895178804,0.004503285693930971
diabetes130,l1_logistic,rf,2,0.0789497664992122,0.09371563711862346,0.08285150495024177,0.00342451641491857,0.0013630304010697598,0.07268295034308953,0.09100788620291489,0.07539419004265611,0.003636531161852614,0.004510031760401598
diabetes130,l1_logistic,rf,3,0.07767969071430195,0.09404500510293932,0.08186200738043803,0.0034630809085773925,0.0017986220639750515,0.07338217014749313,0.09097729120886075,0.07572861116088202,0.003624900871803303,0.004527756333854269
diabetes130,l1_logistic,rf,4,0.07891600528574452,0.0937509719180073,0.0828384835584123,0.003261564768959015,0.0011591618240771161,0.07219964733467585,0.0908326108422783,0.07533024536939978,0.0035325836825422017,0.004479820141159069
diabetes130,l1_logistic,rf,5,0.07813102443820796,0.09377906078496091,0.0823796647600861,0.003291223450742499,0.0015110219005126007,0.07268071963619202,0.09075431390639914,0.0753063523722321,0.003662026068750851,0.004591798339131651
diabetes130,l1_logistic,rf,6,0.07877229415064047,0.09420250368202027,0.08252829217928287,0.0034012287729567347,0.001652400454056147,0.07261895619144947,0.09083551810331665,0.07536881507052964,0.0036018450055769384,0.004638020612604666
diabetes130,l1_logistic,rf,7,0.079477872369026,0.09369925849262745,0.0828853588140611,0.003400891879518689,0.0013559649302733016,0.07286795638327312,0.09087076339738358,0.07568069648943851,0.003607873761560926,0.004525893200738843
diabetes130,l1_logistic,rf,8,0.0780565717828381,0.0938557435156061,0.08176025976895622,0.003352986477352474,0.0017749504803050398,0.07311137100684267,0.09098236499812508,0.07554820017104594,0.0037282584929543964,0.004488987970422929
diabetes130,l1_logistic,rf,9,0.0793152117347479,0.0939923194489749,0.08262314554415995,0.003271703786562111,0.0014434313727506075,0.07221281579271883,0.09084537792226166,0.07535253702799768,0.003744163206550653,0.004463269894897452
diabetes130,l1_logistic,rf,10,0.07929291540292366,0.09402630630686414,0.08300410793125457,0.003256653253912132,0.0014574107138154789,0.07252813258986957,0.09092752530799392,0.07549429988187001,0.003617631270432221,0.004357592249731514
diabetes130,l1_logistic,rf,11,0.07830268012735747,0.09376437388910565,0.08235308491628672,0.0033549442038934016,0.0013279224276877804,0.07259485125768354,0.09073967488581677,0.07545916111638763,0.0037206431914509,0.0046185079974630895
diabetes130,l1_logistic,rf,12,0.07856737565376132,0.09385188739931043,0.0824987238733539,0.003333162267489399,0.0016017958605592702,0.07174750319685459,0.09103106624686785,0.07517455230989026,0.003694237593889303,0.004611855929154632
diabetes130,l1_logistic,rf,13,0.07796309800387227,0.09441497318659496,0.0822237192351179,0.0033249498089715085,0.0014036348719050368,0.07243571941117946,0.09119756542443763,0.07563037349377512,0.00374912412020688,0.0045697184638438535
diabetes130,l1_logistic,rf,14,0.07906038954826435,0.09362581317154853,0.08270614425885849,0.0032195727637767692,0.0015113121777934572,0.07202101356811862,0.09074793900327278,0.07530640194322097,0.0036534519383953326,0.0045789512476027295
diabetes130,l1_logistic,rf,15,0.07756710753162555,0.09373600446805236,0.08177820143680514,0.003493896655810302,0.001608132218287039,0.07236712505190174,0.09097965379460708,0.07547051310183339,0.0037149047257227113,0.004422212976670585
diabetes130,l1_logistic,rf,16,0.07807309812101594,0.09321880482357406,0.08188222379252352,0.003184580960576445,0.0015599913925526366,0.07273387786005461,0.09088077210491782,0.07559593071943685,0.0036641761639021834,0.004429238877501066
diabetes130,l1_logistic,rf,17,0.0787108441536096,0.0937497932566615,0.08250307522117584,0.00324224860787818,0.0016553841137501852,0.07197959300212806,0.09075616308366166,0.07533397218501894,0.0036575114677848686,0.004582209309111225
diabetes130,l1_logistic,rf,18,0.07820085557033138,0.0939801259799722,0.08205325172428168,0.00336684677798624,0.0014444363744796859,0.07170608627855159,0.0909090037379512,0.07559602353769124,0.0037371539110605417,0.004520416220440651
diabetes130,l1_logistic,rf,19,0.07811440872035522,0.09408178862677224,0.08209192980235411,0.003423609129001162,0.0014611475273713108,0.07287882230083884,0.09090768490833623,0.07547590895359467,0.003666010385901254,0.004408587728663415
diabetes130,l1_logistic,rf,20,0.07763874670199948,0.09375417073596377,0.08194953475846006,0.00337680738501037,0.0014571248382197416,0.07265145329508221,0.09090683063947197,0.07539328750259504,0.003679268091703704,0.004448895138320638
diabetes130,l1_logistic,rf,21,0.07848995882481978,0.09388550971323106,0.08237905187514936,0.003402807584078901,0.001308867566006854,0.07233109978090055,0.09070686238582654,0.07566705963810066,0.0035882427765639353,0.004398891569807627
diabetes130,l1_logistic,rf,22,0.0788803895394697,0.09369530353679562,0.08243249129936037,0.0031802269948407167,0.0013930871801948036,0.07254832830679864,0.09083528412568162,0.07574847736484865,0.0037139357329100003,0.0046090524447831675
diabetes130,l1_logistic,rf,23,0.07813728699756459,0.0938016534908529,0.08216273462733625,0.0033538691688355764,0.0013420457654596343,0.07257176669724055,0.09109029434153498,0.07556890017060089,0.0036889218454173736,0.004493415293284364
diabetes130,l1_logistic,rf,24,0.07872488555675974,0.09398943234109562,0.08239874324240812,0.003170912469991667,0.0014333605402589693,0.07265814560000063,0.09086114939098178,0.07578649066680729,0.0036443115168441364,0.004571633292300514
diabetes130,l1_logistic,rf,25,0.07875138403703272,0.09350314403262086,0.08230339689617931,0.0032553226352745653,0.0015418895412320649,0.07210180927188568,0.09066973214041402,0.07527717744455382,0.003747538637560811,0.004545617359114969
diabetes130,l1_logistic,rf,26,0.0782023936335854,0.09379740230024178,0.08236989963989785,0.003556340677808072,0.0013751691529690629,0.07258434329931646,0.09091712725246864,0.07547097075443249,0.0037037767302653068,0.0045314006615929285
diabetes130,l1_logistic,rf,27,0.0796295398760006,0.09384097695692997,0.08304883745158713,0.00338015986358614,0.0013209604552532554,0.0726789939772704,0.0908326556237712,0.07547020140746624,0.003600845077112947,0.004526747534196978
diabetes130,l1_logistic,rf,28,0.0781310475172169,0.09372738275930377,0.08199560480965787,0.003171778193981616,0.0014928390310383324,0.07261353627714026,0.09098844557590252,0.07558923346016007,0.0037748331824827342,0.004554135204604462
diabetes130,l1_logistic,rf,29,0.07801339051784686,0.0939313017714263,0.08228685326139354,0.0034017972604659576,0.0015865191610609087,0.07220104878313849,0.09096716075383345,0.07548803530061987,0.0036712401953413144,0.004367722217569355
